DATE,open,high,low,close,Volume
1998/11/2,126.4688,127.0938,125.0625,125.5938,102882
1998/11/9,126.9375,128.0625,126.8125,127.75,166422
1998/11/16,127.2813,128.7188,126.75,128.25,139990
1998/11/23,127.5313,128.3125,127.1875,128.2188,64147
1998/11/30,129.625,130.6875,129.4063,129.5,113515
1998/12/7,129.4375,130.9063,129.2813,129.6563,124828
1998/12/14,130.3438,130.375,129.2188,129.5313,95150
1998/12/21,127.5313,127.5625,126.0625,126.0625,50847
1998/12/28,127.1563,128.125,127.1563,127.7813,19927
1999/1/4,127.4688,127.6563,125.0938,125.0938,113372
1999/1/11,124.625,127.9375,124.5625,126.5313,293434
1999/1/18,126.625,127.8125,126.0625,127.7188,133683
1999/1/25,127.3438,128.0313,127.0313,127.875,139296
1999/2/1,126.6875,126.7188,124.1563,124.3125,207603
1999/2/8,124.4375,124.9688,122.4688,122.6563,197101
1999/2/15,123.5313,124.1875,122.9375,123.4688,166098
1999/2/22,123.4063,123.4688,119.8125,120.8438,119937
1999/3/1,120,121.5313,119.3438,120.25,162310
1999/3/8,120.4063,121.375,120.375,121.3125,136412
1999/3/15,121.875,122.2813,121.1563,121.2188,106352
1999/3/22,120.875,121.5,120.5938,120.625,144144
1999/3/29,120.125,121.1563,119.9375,119.9688,41850
1999/4/5,121.0625,123.5625,121.0313,122.9688,114422
1999/4/12,123.0625,123.125,121.1563,121.3438,119940
1999/4/19,121.9375,122.25,120.75,120.9688,107949
1999/4/26,121.375,122.4688,120.1875,120.1875,29335
1999/5/3,120.375,120.4688,118.3125,118.4688,133101
1999/5/10,118.875,119.8125,117.125,117.4688,124805
1999/5/17,117.5625,118.7813,117.5,118.5938,119693
1999/5/24,118.7188,118.9688,116.8438,117.4063,93956
1999/5/31,116.0938,116.6563,115.6875,116,104281
1999/6/7,116.0625,116.0938,114,114,142962
1999/6/14,114.375,116.2188,114.2813,115.7813,120952
1999/6/21,115.0313,115.0938,113.1563,113.8438,155806
1999/6/28,114.625,116,114.625,115.7813,145410
1999/7/5,115.8438,116.4688,114.7813,115.7188,109151
1999/7/12,115.875,117.625,115.625,117.2813,101558
1999/7/19,117.2813,117.6563,115.5,115.5,99229
1999/7/26,115.5625,115.9688,114.625,114.9375,72214
1999/8/2,114.9688,115.5938,114.2188,114.2188,104373
1999/8/9,115.4688,115.4688,113.4063,114.5625,71163
1999/8/16,114.625,115.4063,114.25,115.2188,96949
1999/8/23,115.125,116.6875,114.9063,115.9375,95502
1999/8/30,114.2188,114.625,113.0625,114.375,96091
1999/9/6,113.5938,114.125,113.3438,113.9688,87813
1999/9/13,113.5938,114.125,112.9063,114.0625,118766
1999/9/20,113.7188,115.375,113.5313,115.375,154105
1999/9/27,114.5938,114.625,112.6563,112.8438,125463
1999/10/4,113.4688,113.5,112.4688,112.5625,114821
1999/10/11,112.5938,113.1875,110.7188,111.9688,118621
1999/10/18,111.5625,111.5625,110.8125,111.0938,155429
1999/10/25,110.9688,113.5313,110.7813,113.5313,165949
1999/11/1,113.1563,115.0313,113.1563,114.625,95322
1999/11/8,114.5,115.0313,113.7813,114.7813,99230
1999/11/15,114.9063,114.9375,113.4063,113.625,131610
1999/11/22,113.2188,113.3125,112.5313,112.5938,62302
1999/11/29,92.78125,93.40625,92.40625,93.09375,100075
1999/12/6,93.59375,94.65625,93.5625,94.65625,70345
1999/12/13,94.28125,94.28125,91.46875,91.8125,84422
1999/12/20,91.25,91.375,90.9375,90.9375,35155
1999/12/27,91.28125,91.59375,91.03125,91.03125,19685
2000/1/3,89.84375,90.9375,89.59375,90.9375,193954
2000/1/10,90.5625,90.75,89.40625,89.75,159598
2000/1/17,89.21875,89.84375,89.21875,89.71875,136584
2000/1/24,90.375,93.4375,90.375,92.90625,171135
2000/1/31,92.25,94.875,92.1875,94.125,151871
2000/2/7,93.3125,94.53125,92.6875,93.15625,122941
2000/2/14,94.1875,94.8125,93.5625,94.75,86022
2000/2/21,94.90625,96.03125,94.75,94.9375,87346
2000/2/28,94.5625,95.4375,94,95.1875,60776
2000/3/6,95.125,95.3125,94.15625,94.15625,56049
2000/3/13,94.3125,96.375,93.9375,96.125,72310
2000/3/20,96.25,97.5625,96,96.375,67073
2000/3/27,96,97.65625,95.65625,97.65625,66630
2000/4/3,97.8125,99.6875,97.3125,99.3125,86155
2000/4/10,99.375,99.8125,97.40625,98.25,89149
2000/4/17,98.59375,99.15625,96.59375,97.78125,85319
2000/4/24,98.0625,98.5,95.96875,96.6875,55085
2000/5/1,96.5,96.75,93.5,93.5,53984
2000/5/8,93.6875,94.625,92.8125,93.59375,76558
2000/5/15,93.46875,94.59375,92.75,93.21875,54349
2000/5/22,93.375,95.25,93.125,95.25,67251
2000/5/29,95.09375,97.9375,94.65625,96.875,41880
2000/6/5,96.5,97.625,96.46875,97.34375,49505
2000/6/12,97.28125,97.71875,96.3125,97.15625,42514
2000/6/19,97.8125,97.84375,96.34375,96.53125,44368
2000/6/26,96.5,97.6875,96.4375,97.6875,54796
2000/7/3,97.25,98,97,97.4375,34891
2000/7/10,97.5625,98.59375,97.53125,97.53125,42757
2000/7/17,96.875,99.03125,96.8125,98.6875,42613
2000/7/24,98.40625,99.03125,98.40625,98.59375,34986
2000/7/31,98.5625,99.6875,98.5625,99.125,53439
2000/8/7,99.34375,100.375,99.34375,99.65625,46687
2000/8/14,100,100.3125,99.4375,100.0938,32193
2000/8/21,99.8125,100.5625,99.8125,100.25,40387
2000/8/28,99.8125,100.6563,99.53125,100.625,170808
2000/9/4,100.6563,100.6563,99.875,100.125,174788
2000/9/11,99.8125,100,98.3125,98.34375,269157
2000/9/18,97.90625,98.5,97.59375,98.125,228439
2000/9/25,98.34375,98.84375,98.3125,98.625,217315
2000/10/2,98.125,99.15625,97.8125,99.09375,275678
2000/10/9,99.15625,99.8125,98.875,99.4375,262231
2000/10/16,99.375,100.875,99.15625,100.6563,241291
2000/10/23,100.6563,101.3438,100.125,100.4375,247414
2000/10/30,100.4063,100.6563,99,99.09375,222819
2000/11/6,99.03125,99.8125,98.1875,99.3125,265259
2000/11/13,99.4375,100.875,99.21875,100.375,199846
2000/11/20,100.3438,101.875,100.3438,101.5313,108765
2000/11/27,101.25,102.9375,100.9375,102.1875,229290
2000/12/4,102.125,104.0625,101.5938,103.8438,249391
2000/12/11,103.3125,105.0625,102.9063,104.75,212921
2000/12/18,104.6875,105.6563,104.0625,105.4063,169182
2000/12/25,105.5938,105.6875,104.4688,104.6875,79686
2001/1/1,104.5625,106.9375,104.0938,105.8125,212943
2001/1/8,105.6875,105.75,102.7813,102.9688,293055
2001/1/15,102.9375,104.875,102.6563,103.6875,260178
2001/1/22,103.75,103.75,101.9688,102.75,284249
2001/1/29,102.7813,105.4688,102.25,104.3125,314709
2001/2/5,104.3125,105.0938,103.75,104.9063,318497
2001/2/12,104.9688,105.0625,102.625,103.8125,342706
2001/2/19,103.875,104.0938,101.4375,103.8438,319239
2001/2/26,103.75,106.1875,103.4375,104.7813,484999
2001/3/5,105.7813,106.1875,104.4375,105.375,429191
2001/3/12,105.4375,106.9063,105.14,106.4063,436342
2001/3/19,106.5313,107.25,105.8438,105.9688,379038
2001/3/26,106,106.0625,103.5313,104.375,378180
2001/4/2,104.3438,104.875,103.5,104.625,406462
2001/4/9,104.625,104.7188,101.9688,102.1875,364360
2001/4/16,102.25,102.5,99.96875,100.3438,487821
2001/4/23,100.5,101.9063,100.125,100.2813,438070
2001/4/30,100.25,103.2813,99.96875,102.0313,417382
2001/5/7,102.125,102.4375,99.09375,99.625,457386
2001/5/14,99.625,100.7813,98.75,100.375,504662
2001/5/21,100.3125,100.7188,99.0625,99.28125,432815
2001/5/28,99.375,100.6563,98.40625,100.375,265469
2001/6/4,100.3438,101.3438,100.125,100.125,370714
2001/6/11,100.2813,102,100.125,101.0625,426306
2001/6/18,101.0938,102.7813,100.5313,102.6563,410714
2001/6/25,102.6563,102.75,100.0625,100.0938,520262
2001/7/2,100.2188,101.0625,99.78125,100.5625,246974
2001/7/9,100.5938,101.9375,100.25,101.9375,396064
2001/7/16,101.875,103.625,101.8438,103.0313,392311
2001/7/23,103.0625,103.9375,102.75,103.5,401997
2001/7/30,103.5,104.1563,102.5625,103.0625,370139
2001/8/6,103.125,104.4063,102.5938,104.125,430941
2001/8/13,104,105.3438,103.5313,105.2813,427185
2001/8/20,105.2813,105.5625,104.4063,104.9375,350200
2001/8/27,104.9063,106.2813,104.75,105.2813,445564
2001/9/3,105.4063,105.75,103.5938,105.4688,481115
2001/9/10,105.5,106.2188,104.4375,106.0625,293859
2001/9/17,106.125,106.1875,102.5625,103.3125,528214
2001/9/24,103.2188,106.125,102.8125,105.4688,518122
2001/10/1,105.375,107.3438,105.0625,106.7813,494541
2001/10/8,106.8438,107.0313,105.1875,105.3125,339400
2001/10/15,105.4688,107.2188,105.3438,106.3125,419135
2001/10/22,106.25,107.8125,105.7813,107.7188,497978
2001/10/29,107.6875,112.5938,107.6875,109.2813,782079
2001/11/5,109.3125,112,109.3125,110.4063,560087
2001/11/12,110.4688,110.8125,104.6563,105.2813,601155
2001/11/19,105.2813,106.4688,103.3125,103.4688,387015
2001/11/26,103.375,104.4063,102.5625,103.625,526050
2001/12/3,103.625,105.1875,99.34375,99.5,629510
2001/12/10,99.46875,102.1563,99.46875,99.71875,536537
2001/12/17,100,101.7813,98.03125,101.125,323778
2001/12/24,101.125,101.3125,99.875,100.5938,116131
2001/12/31,100.5313,101.9063,99.3125,100.4063,351971
2002/1/7,100.4063,103.8438,100.25,103.4375,549892
2002/1/14,103.4063,104.3438,102.5625,103.7188,495400
2002/1/21,103.5,103.625,101.375,102.25,436758
2002/1/28,102.2188,103.6875,101.6563,103.4375,581070
2002/2/4,103.3438,104.5,102.9375,103.9688,545550
2002/2/11,103.875,104.4375,102,104.25,498432
2002/2/18,104.1563,105.125,103.625,104.7188,350844
2002/2/25,104.6563,104.9375,101.5938,101.75,579943
2002/3/4,101.625,102.0938,98.71875,98.90625,635451
2002/3/11,99.09375,99.53125,97.1875,98.78125,626054
2002/3/18,98.71875,99.5,97.5,98.03125,550885
2002/3/25,98.15625,99.34375,97.53125,98.1875,386717
2002/4/1,98.15625,100.7813,97.8125,100.5625,534205
2002/4/8,100.7188,101.1563,99.875,100.9688,468561
2002/4/15,100.9688,101.4375,99.59375,100.5625,533167
2002/4/22,100.5313,102.3438,100.3125,102.2188,579664
2002/4/29,102.1875,103.125,101.75,102.7188,499225
2002/5/6,102.7813,102.9063,100.7813,102.0625,560448
2002/5/13,102.0625,102.0625,99.84375,100.1875,589250
2002/5/20,100.1875,102.5625,100.125,101.5313,599075
2002/5/27,101.3438,102.1563,100.3125,101.125,469060
2002/6/3,101,101.9688,100.4375,100.7813,654067
2002/6/10,100.625,104.1563,100.5938,103.875,663357
2002/6/17,103.875,104.5,103,104.125,649264
2002/6/24,104.0625,105.5,102.4375,102.7813,816090
2002/7/1,102.9375,103.9688,102.2813,102.6563,396474
2002/7/8,102.6563,105.9375,102.625,105.25,885498
2002/7/15,105.4375,105.75,103.2188,105.1563,872442
2002/7/22,105.5938,107.8125,105.2188,105.9063,928647
2002/7/29,105.6875,107.875,104.2813,107.7188,753914
2002/8/5,107.4063,108.8125,106.7188,108.625,645960
2002/8/12,108.75,112.375,108.4063,108.5625,784984
2002/8/19,108.6563,110.2813,108.25,109.9375,530737
2002/8/26,109.75,110.375,108.5938,109.6875,452467
2002/9/2,110.0313,112.3438,110.0313,110.625,533813
2002/9/9,110.8125,112.6563,109.875,112.4375,566602
2002/9/16,112.4375,113.625,111.6875,113.0625,749858
2002/9/23,113.2188,114.9688,112.125,113.7188,766308
2002/9/30,114.0313,114.9688,112.25,113.625,757944
2002/10/7,114,115.0938,112,112.3125,823461
2002/10/14,112.3125,112.3438,107.5,108.6875,866626
2002/10/21,108.875,109.2188,107.0625,109,744057
2002/10/28,109.1563,111.0313,108.8438,110.3438,805471
2002/11/4,109.9688,113.1875,108.625,112.9688,811135
2002/11/11,112.9688,113.75,110.75,111.2188,609467
2002/11/18,111.25,112.7182,109.6563,109.875,662243
2002/11/25,109.875,111.125,107.3438,107.9375,260009
2002/12/2,107.75,110.8125,106.4063,109.2188,720407
2002/12/9,109.1563,111.1563,108.9375,110.0313,516960
2002/12/16,110.0313,111.1563,108.8125,110.9688,386765
2002/12/23,110.9375,112.9375,110.2813,112.8438,146058
2002/12/30,112.8125,113.8125,109.5938,110.2813,345223
2003/1/6,110.2188,111.2188,108.5625,109.0313,713940
2003/1/13,109,111.375,108.4063,111.0625,627423
2003/1/20,111.1875,112.875,110.6875,112.375,479548
2003/1/27,112.125,112.6875,110.75,112.1875,658496
2003/2/3,112.0313,113.0938,111.3438,113.0313,768806
2003/2/10,112.7813,114.2188,111.75,112.3438,729581
2003/2/17,112.0313,113.8438,111.8438,113.125,510087
2003/2/24,113.2813,114.8438,112.9063,114.4688,595096
2003/3/3,114.3125,115.375,114,114.9375,760759
2003/3/10,114.9375,115.8438,113.5313,114.1875,868329
2003/3/17,114.5,114.9688,109.4688,109.6875,882863
2003/3/24,110.125,112.125,110,111.7188,639217
2003/3/31,112.0313,113.4688,110.625,111.25,750763
2003/4/7,110.6563,112.3438,109.8125,111.4688,635086
2003/4/14,111.3438,112.8438,110.8438,112.3125,486358
2003/4/21,112.2813,113.7188,111.375,113.4063,732747
2003/4/28,113.5938,114.8125,112.625,113.5,760328
2003/5/5,113.4063,116.6563,113.1563,116.2813,948909
2003/5/12,116.3438,119.7813,116.3438,119.25,1251102
2003/5/19,119.75,121.875,118.5313,121.2813,1167584
2003/5/26,121.3438,121.6875,117.8438,119.2188,574307
2003/6/2,118.5938,120.5938,117.8125,119.3438,942373
2003/6/9,119.5,122.8438,119.3125,122.6563,896720
2003/6/16,122.5938,123.0938,118.0313,118.5625,934465
2003/6/23,118.9375,120.9688,116.25,116.6563,1029645
2003/6/30,116.75,118.0313,115.75,115.9375,676651
2003/7/7,116.0313,116.1563,114.5938,115.9375,783985
2003/7/14,116.125,116.25,111.0938,112.3125,1302978
2003/7/21,112.1875,112.1875,109.3125,109.6563,1179894
2003/7/28,109.5,109.5313,104.1875,105.9688,1731452
2003/8/4,106.2813,109.1563,105.0313,107.6563,1136396
2003/8/11,107.9063,107.9688,103.8438,105.0938,961128
2003/8/18,105.0625,107.875,104.7188,107.0938,976868
2003/8/25,106.875,107.5938,104.75,106,797539
2003/9/1,105.7188,107.0625,103.875,106.6875,770386
2003/9/8,106.6875,108.8438,105.5625,107.6875,886152
2003/9/15,107.7813,109.4688,106.875,109.125,1059331
2003/9/22,108.9063,111.4688,107.2188,111.125,921296
2003/9/29,111.1563,112.3438,108.625,108.875,1056912
2003/10/6,108.9688,109.6563,106.875,108.125,784046
2003/10/13,108.125,108.125,105.625,106.8438,925611
2003/10/20,106.4375,109.4375,106.1875,109.2813,913170
2003/10/27,109,109.6875,107.125,108.7188,1056907
2003/11/3,108.8438,109.0938,106.3438,107.125,850735
2003/11/10,107.0938,110.4688,106.7188,110.25,946324
2003/11/17,110.5,111.625,109.8125,111.125,940214
2003/11/24,110.9688,111.1563,107.7188,107.8438,411442
2003/12/1,107.7188,109.875,106.5,109.2188,992017
2003/12/8,109.2813,109.7188,107.375,108.9688,1009102
2003/12/15,108.5625,111,108.3438,110.8125,735570
2003/12/22,111.0938,111.3438,109.3438,110.9063,217937
2003/12/29,110.8125,110.9063,107.4063,107.9063,350284
2004/1/5,107.9688,111.4688,107.25,111.2813,996141
2004/1/12,111.4063,113.6875,110.9375,112.5625,1168504
2004/1/19,112.2813,113.6563,111.625,111.8438,835708
2004/1/26,111.75,112.4375,109.9688,111.3438,1116206
2004/2/2,111.2813,112.3438,109.5625,112.1563,1022160
2004/2/9,112.2188,113.3438,111.5938,112.6875,1129047
2004/2/16,112.6875,113.4375,112.0938,112.25,891482
2004/2/23,112.1563,113.6875,111.125,112.4375,1133513
2004/3/1,112.5625,114.8438,110.9063,114.2188,1243968
2004/3/8,114,116.0313,113.9375,114.9375,1283826
2004/3/15,114.7813,116.375,114.5625,114.9063,1020459
2004/3/22,115.0625,116.375,114,114.125,944453
2004/3/29,114,114.375,108.5,110.9375,1238028
2004/4/5,110.7813,110.9688,109.8438,110.125,576850
2004/4/12,110.0938,110.0938,107.0313,108.25,1288166
2004/4/19,108.2813,108.6875,106.9375,107.4688,1318952
2004/4/26,107.4063,108.3125,106.0938,107.0938,1199964
2004/5/3,107.0313,107.875,104.2188,104.5,1370914
2004/5/10,104.5313,104.8438,103.0625,104.375,1249737
2004/5/17,104.5313,105.9063,104.3125,105,995017
2004/5/24,104.9375,107.1563,104.6563,105.2188,934019
2004/5/31,105,105.1563,103.6563,103.7813,876683
2004/6/7,103.7188,104.0938,103.1563,103.9063,774842
2004/6/14,103.375,105.8125,102.875,105.125,1011747
2004/6/21,105.125,106.3438,104.75,105.9688,796833
2004/6/28,106,108.9375,104.6563,108.0313,1059560
2004/7/5,108.0313,108.375,107.5,107.9688,476217
2004/7/12,108.0313,109.4063,107.4375,109.3438,853209
2004/7/19,109.3438,109.4688,107.5938,108.625,798435
2004/7/26,108.5938,108.6875,106.1563,108.2188,1279019
2004/8/2,108.5,112,108.0938,110.8438,1074635
2004/8/9,110.875,111.5313,110.0625,111.3438,1031764
2004/8/16,111.1875,111.8125,110.3438,111.0938,933832
2004/8/23,111.125,111.7188,110.0625,111.3438,911508
2004/8/30,110.0938,112.0625,109.1563,109.625,1352283
2004/9/6,109.5938,111.7188,109.5313,111.0938,1108060
2004/9/13,110.9688,112.7188,110.875,111.875,1249669
2004/9/20,112,114.0625,112,113.4375,1547128
2004/9/27,113.4063,114.0938,111.2188,111.4688,1466972
2004/10/4,111.5,112.3438,110.6875,112.1563,1166041
2004/10/11,112.1563,114.25,112.0313,113,1188474
2004/10/18,112.9375,114.5313,112.5313,114.1875,1224975
2004/10/25,114.4063,114.7813,112.4375,113.8438,1377908
2004/11/1,113.875,113.9375,111,112.25,1455846
2004/11/8,112.2813,112.7813,111.25,112.375,1056657
2004/11/15,112.5313,113.9375,112,112.7188,1401751
2004/11/22,112.625,113.7813,112.2188,112.6563,1103807
2004/11/29,111.7188,111.8125,109.3438,111.125,1786923
2004/12/6,111.2188,113.2813,111.125,112.6875,1400711
2004/12/13,112.6875,114.0625,111.75,112.3438,1047265
2004/12/20,112.375,112.9375,112.0313,112.2813,303879
2004/12/27,112.3438,112.625,110.8125,112.5,442578
2005/1/3,112.5,113.875,111,112.0938,1199133
2005/1/10,112.2813,114.1563,112,113.4375,1292967
2005/1/17,113.5313,114.5,113.1875,114.375,1111347
2005/1/24,114.2813,114.875,113.375,114.6563,1510343
2005/1/31,114.5313,116.2188,114.3438,115.9063,1402393
2005/2/7,115.8438,117.375,115.5,115.8125,1942445
2005/2/14,115.875,116.375,113.5938,113.9375,1693257
2005/2/21,113.875,114.4375,112.9063,113.25,1742577
2005/2/28,113.1875,113.4688,111.125,112.9688,1516909
2005/3/7,112.9375,113.4063,110.1875,110.625,2099498
2005/3/14,110.5938,111.5938,110.1875,110.75,1496329
2005/3/21,110.75,111.3438,109,110.1563,1073511
2005/3/28,110.125,112.5938,109.6563,111.7813,1394262
2005/4/4,111.75,112.2188,110.875,111.3438,1287820
2005/4/11,111.5,113.9688,111.4063,113.5625,1770441
2005/4/18,113.8438,114.625,113.2813,114,1700908
2005/4/25,113.9688,115.5313,113.6875,114.8438,1575242
2005/5/2,114.8438,115.4375,113.4375,114,1669418
2005/5/9,114.0625,115.875,113.8125,115.6563,1492910
2005/5/16,115.5938,116.5938,115.1875,115.9688,1359352
2005/5/23,115.9688,117.2813,115.7188,116.3438,1683394
2005/5/31,116.3438,119.7188,116.3125,117.8438,1424232
2005/6/6,117.9688,119.0625,117.1875,117.2813,1297339
2005/6/13,117.25,117.375,115.8125,116.8125,1335157
2005/6/20,116.7813,118.9688,115.9375,118.9375,1212744
2005/6/27,118.8438,119.3438,117.5,117.625,1369598
2005/7/4,117.5313,118.9375,116.75,116.8438,957734
2005/7/11,117.0625,117.3125,115.9063,116.4063,957733
2005/7/18,116.4688,116.6875,114.9063,115.8438,1437145
2005/7/25,115.8438,116.4688,115.0313,115.3125,1368780
2005/8/1,115.375,115.4063,114.0313,114.1875,1061272
2005/8/8,114.1875,116,113.75,115.9688,1097494
2005/8/15,115.8438,116.5,115.4375,116.25,1318288
2005/8/22,116.3125,117.2813,115.6875,116.6875,1460160
2005/8/29,117.0938,118.3125,116.375,117.7188,2078194
2005/9/5,117.6875,117.7188,115.9063,116.5313,1067038
2005/9/12,116.4688,116.6563,114.4375,114.75,1481075
2005/9/19,114.625,116.3125,114,115.1563,1276551
2005/9/26,114.9063,115.4063,114.2188,114.4063,1460516
2005/10/3,114.3438,114.6875,113.2188,114.25,1335220
2005/10/10,114.2813,114.5,112.1563,112.625,1241167
2005/10/17,112.6563,113.9063,112.3125,113.7188,1411843
2005/10/24,113.75,113.8438,111.3125,111.8125,1658780
2005/10/31,111.6875,112.3438,110.375,110.6563,1512765
2005/11/7,110.5938,112,110.5313,111.9375,1332275
2005/11/14,111.9688,113.3125,111.0313,112.4688,1646442
2005/11/21,112.5313,113.0625,112.2813,112.9063,1048311
2005/11/28,112.9688,113.5625,111.4688,111.9063,1737405
2005/12/5,111.9375,112.75,111.25,111.875,1244708
2005/12/12,111.9375,113.3125,111.4375,113.0313,1194921
2005/12/19,113.0625,114.2813,112.4688,114.1875,769322
2005/12/26,114.2813,115,113.875,114.1875,654448
2006/1/2,114.2188,114.875,113.7813,114.125,1165219
2006/1/9,114.125,114.75,113.09375,114.6875,1552358
2006/1/16,114.5625,115.40625,114.25,114.625,1329230
2006/1/23,114.71875,114.84375,112.34375,112.90625,1802717
2006/1/30,112.75,113.4375,112.125,113.28125,1865813
2006/2/6,113.28125,113.5625,112.15625,112.5,1750925
2006/2/13,112.4375,113.15625,111.8125,113.0625,1450177
2006/2/20,113.125,113.40625,112.53125,112.84375,1589324
2006/2/27,112.6875,113.15625,111.25,111.375,2179588
2006/3/6,111.34375,111.40625,109.96875,110.46875,1635583
2006/3/13,110.375,111.59375,110.03125,111.0625,1623863
2006/3/20,111.03125,111.53125,110.4375,111.25,1569891
2006/3/27,111.28125,111.375,108.8125,109.15625,1707098
2006/4/3,109.21875,109.4375,107.625,107.875,1511879
2006/4/10,107.625,108.5625,106.9375,107.09375,1139451
2006/4/17,107.0625,107.9375,106.71875,107.40625,1856229
2006/4/24,107.40625,108.09375,106.15625,106.84375,1886054
2006/5/1,106.875,107.125,105.78125,106.5,1560696
2006/5/8,106.59375,107,105.375,105.5625,1602435
2006/5/15,105.34375,107.53125,105.34375,107.15625,2068775
2006/5/22,107.125,107.875,106.5625,107.03125,2133854
2006/5/29,106.84375,107.65625,105.84375,107.5625,1763537
2006/6/5,107.46875,108.375,107.125,108.0625,1592658
2006/6/12,108.15625,108.5,106.5625,106.65625,1551376
2006/6/19,106.65625,106.78125,105.59375,105.6875,1067536
2006/6/26,105.625,106.6875,105.375,106.65625,1192527
2006/7/3,106.59375,107.15625,105.4375,106.8125,1132555
2006/7/10,106.8125,107.78125,106.5625,107.46875,1239722
2006/7/17,107.4375,108.125,106.28125,107.71875,1550200
2006/7/24,107.78125,108.46875,107.21875,108.28125,1408788
2006/7/31,108.21875,109.46875,107.90625,109.25,1191148
2006/8/7,109.25,109.59375,108.15625,108.28125,1244382
2006/8/14,108.1875,109.71875,107.90625,109.625,1352240
2006/8/21,109.5625,110.21875,109.46875,110.125,1218718
2006/8/28,110.15625,111.25,109.5625,111.125,1665560
2006/9/4,111.09375,111.09375,109.90625,110.59375,1098972
2006/9/11,110.5,111.125,110.03125,110.46875,1733264
2006/9/18,110.53125,112.6875,109.78125,112.59375,1972108
2006/9/25,112.65625,113.34375,112.03125,112.40625,1719034
2006/10/2,112.375,113.15625,111.46875,111.5625,1434412
2006/10/9,111.5625,111.59375,110.21875,110.34375,1023194
2006/10/16,110.34375,111.1875,110.28125,110.625,1446178
2006/10/23,110.5625,111.96875,109.84375,111.84375,1275232
2006/10/30,111.84375,113.3125,111.40625,111.625,1753586
2006/11/6,111.59375,113.15625,111.40625,112.96875,1434969
2006/11/13,112.9375,113.59375,112.09375,112.8125,1997406
2006/11/20,112.8125,113.84375,112.6875,113.4375,1193684
2006/11/27,113.4375,114.9375,112.8125,114.625,2312276
2006/12/4,114.5,114.90625,113.21875,113.3125,1768493
2006/12/11,113.28125,114.1875,112.46875,112.6875,1748220
2006/12/18,112.65625,113.1875,112.15625,112.1875,859622
2006/12/25,112.21875,112.625,111.125,111.4375,502386
2007/1/1,111.46875,112.875,111.4375,112.15625,1260584
2007/1/8,112.15625,112.3125,110.71875,110.8125,897617
2007/1/15,110.75,111.21875,110.25,110.78125,1295976
2007/1/22,110.71875,111.0625,109.1875,109.53125,1783594
2007/1/29,109.5625,110.84375,109.21875,110.09375,1834061
2007/2/5,110.125,111.28125,110.0625,110.5,1781146
2007/2/12,110.53125,111.84375,110.0625,111.5,1666135
2007/2/19,111.46875,111.84375,110.875,111.625,1936959
2007/2/26,111.625,114.0625,111.59375,113.1875,3249021
2007/3/5,113.40625,113.9375,112.21875,112.4375,2071216
2007/3/12,112.375,113.59375,112.21875,112.8125,2132419
2007/3/19,112.8125,113.09375,111.75,111.84375,1767242
2007/3/26,111.8125,112.34375,111.125,111.25,2125446
2007/4/2,111.28125,111.5625,110,110.3125,1162254
2007/4/9,110.25,110.78125,110.0625,110.25,1211465
2007/4/16,110.1875,111.8125,110.0625,111.28125,1487662
2007/4/23,111.21875,111.90625,110.8125,110.90625,1511993
2007/4/30,110.9375,112.0625,110.46875,111.84375,1787605
2007/5/7,111.8125,112.3125,111.1875,111.3125,1528823
2007/5/14,111.25,111.375,109.78125,109.9375,1632344
2007/5/21,109.9375,110.15625,108.78125,109.25,2172627
2007/5/28,109.21875,109.5,108.40625,108.5,1897579
2007/6/4,108.53125,108.9375,105.3125,106.65625,2893132
2007/6/11,106.5625,106.78125,104.5,106.25,2797090
2007/6/18,106.3125,107.34375,105.65625,106.375,1981805
2007/6/25,106.46875,107.875,106.375,107.75,2073661
2007/7/2,107.65625,108.1875,105.96875,106.09375,1444063
2007/7/9,106.21875,108.21875,106.03125,106.96875,2194162
2007/7/16,107.09375,108.6875,107.03125,108.40625,2043898
2007/7/23,108.5,110.3125,108.15625,109.78125,2520320
2007/7/30,109.9375,110.84375,109.1875,110.625,2371547
2007/8/6,110.75,110.875,108.625,109.3125,2125623
2007/8/13,109.03125,110.9375,108.84375,109.84375,1969139
2007/8/20,109.875,111,109.5625,110.84375,1474929
2007/8/27,110.875,112.03125,110.625,111.5625,1935322
2007/9/3,111.53125,113.46875,111.15625,113.3125,1312302
2007/9/10,113.3125,114.25,112.4375,112.84375,1582072
2007/9/17,112.78125,113.1875,109.90625,110.75,1777800
2007/9/24,110.71875,111.90625,110.1875,111.34375,1454401
2007/10/1,111.21875,112.3125,110.46875,110.78125,1069377
2007/10/8,110.6875,111.15625,110.0625,110.375,1214048
2007/10/15,110.3125,113.53125,110.0625,113.21875,1681130
2007/10/22,113.4375,114.15625,112.875,113.5,1782187
2007/10/29,113.375,114.65625,112.21875,114.5,1820467
2007/11/5,114.3125,114.78125,113.40625,114.6875,1655789
2007/11/12,114.75,115.75,113.8125,115.5625,1464331
2007/11/19,115.25,116.96875,115.1875,116.875,1109937
2007/11/26,116.78125,119.375,116.4375,117.1875,2768559
2007/12/3,117.4375,118.6875,115,115.15625,1891900
2007/12/10,115.15625,116.8125,113.5625,113.8125,1614610
2007/12/17,113.75,117.03125,113.625,115,1238633
2007/12/24,114.78125,116.125,113.40625,115.6875,388468
2007/12/31,115.84375,118.5625,115.78125,118.09375,987989
2008/1/7,117.90625,119.21875,117.1875,118.25,1893419
2008/1/14,118.28125,120.4375,118.09375,119.59375,2180253
2008/1/21,120.21875,122.875,118.1875,119.875,2629049
2008/1/28,119.96875,120.5,117.84375,119.78125,2236878
2008/2/4,119.96875,120.625,117.03125,118.71875,2225828
2008/2/11,118.875,119.78125,115.875,117,2035335
2008/2/18,117.03125,117.84375,115.09375,117.0625,2060286
2008/2/25,116.9375,118.90625,115.125,118.625,2785346
2008/3/3,118.90625,118.96875,116.109375,117.078125,2769463
2008/3/10,117.03125,120.390625,116.46875,119.53125,2476961
2008/3/17,119.40625,121.015625,118.765625,120.953125,1416179
2008/3/24,120.84375,120.84375,117.640625,118.53125,1297076
2008/3/31,118.875,119.59375,117.046875,119.109375,1675163
2008/4/7,119.171875,120,117.578125,119.671875,1164694
2008/4/14,119.734375,120.140625,115.421875,116.4375,1402054
2008/4/21,116.765625,117.609375,115.25,115.59375,1219711
2008/4/28,115.453125,117.9375,115.140625,116.234375,1389417
2008/5/5,116.109375,117.65625,114.890625,117.25,1296810
2008/5/12,117.265625,117.859375,115.125,116.453125,1604739
2008/5/19,116.46875,117.421875,115.359375,116.859375,1996126
2008/5/26,116.625,116.859375,112.4375,113.5,2336867
2008/6/2,113.25,115.421875,113.140625,114.4375,1937670
2008/6/9,114.78125,115,111.71875,111.84375,1775480
2008/6/16,111.890625,113.515625,111.765625,113.453125,1345922
2008/6/23,113.125,116.078125,113.09375,115.65625,1407085
2008/6/30,115.8125,116.5,115.125,115.875,1277953
2008/7/7,116.046875,117.53125,115.46875,115.84375,1766695
2008/7/14,115.5625,117.5625,114.171875,114.328125,1919014
2008/7/21,114.328125,115.453125,113.34375,113.8125,1560002
2008/7/28,113.8125,116.15625,113.75,115.90625,1499618
2008/8/4,116.03125,116.671875,114.25,116.375,1440659
2008/8/11,116.59375,117.65625,115.03125,117.484375,1203692
2008/8/18,117.59375,118.296875,117.171875,117.6875,1290919
2008/8/25,117.65625,119.046875,117.015625,117.3125,1811618
2008/9/1,117.21875,120.25,116.546875,119.078125,1309908
2008/9/8,118.203125,120.625,117.171875,118.59375,2030352
2008/9/15,119.859375,123.859375,117.59375,118.15625,2164308
2008/9/22,118.34375,118.40625,116.09375,117.4375,1321234
2008/9/29,117.125,121,116.78125,119.640625,1565483
2008/10/6,120.3125,122.359375,116.015625,116.625,1651096
2008/10/13,116.609375,116.609375,112.53125,113.046875,893495
2008/10/20,113,119.90625,112.59375,116.953125,1094544
2008/10/27,117.140625,118.859375,112.921875,113.125,1000684
2008/11/3,113.140625,117.875,112.609375,116.359375,839737
2008/11/10,115.796875,119.140625,115.25,118.546875,804244
2008/11/17,118.78125,129.59375,118.28125,126.296875,1428011
2008/11/24,125.859375,128.8125,124.28125,127.484375,1340105
2008/12/1,127.625,135.078125,127.3125,133.421875,1159661
2008/12/8,132.6875,135.84375,132.046875,134.8125,914795
2008/12/15,134.90625,141.859375,134.25,140.796875,758534
2008/12/22,140.640625,141.546875,139.90625,141.171875,230755
2008/12/29,141.1875,141.78125,135,135.46875,320886
2009/1/5,135.203125,135.875,131.734375,133.140625,947453
2009/1/12,133.203125,137.96875,132.265625,136.21875,797071
2009/1/20,134.8125,135.03125,128.53125,129.609375,857121
2009/1/26,129.625,131.609375,126.28125,126.703125,1043689
2009/2/2,126.65625,128.953125,125.515625,125.84375,888718
2009/2/9,125.8125,129.46875,124.984375,126.28125,973160
2009/2/17,126.5,130.390625,125.765625,127.625,1110863
2009/2/23,127.34375,129.375,123.125,123.34375,1685866
2009/3/2,123.53125,128,123.3125,127.28125,1118047
2009/3/9,126.71875,127.34375,124,126.234375,1011715
2009/3/16,126.234375,132.5625,123.71875,129.25,1132730
2009/3/23,129.09375,129.734375,126.765625,128.546875,779206
2009/3/30,128.546875,130.953125,126.796875,126.984375,739590
2009/4/6,127.203125,127.921875,125.625,125.921875,562809
2009/4/13,125.828125,128.25,125,125.34375,673580
2009/4/20,125.25,127.59375,124.015625,124.234375,801204
2009/4/27,124.375,125.71875,121.65625,122.15625,864063
2009/5/4,122.25,123.109375,119.484375,120.328125,904112
2009/5/11,120.4375,123.71875,120.390625,122.921875,884410
2009/5/18,122.890625,123.59375,119.234375,119.3125,1338805
2009/5/26,119.46875,119.875,114.46875,117.65625,1664842
2009/6/1,117.3125,117.40625,112.96875,113.21875,1338094
2009/6/8,113.40625,114.8125,111.671875,114.3125,1132654
2009/6/15,114.1875,117.125,113.6875,114.859375,1064179
2009/6/22,114.96875,118.6875,114.734375,118.53125,1013927
2009/6/29,118.3125,119.296875,117.359375,118.9375,826789
2009/7/6,118.875,121.359375,118.1875,120.71875,1163182
2009/7/13,120.75,121.296875,116.109375,116.265625,1118038
2009/7/20,116.125,118.5,115.421875,116.09375,1104592
2009/7/27,116.203125,119.265625,114.9375,119,1210191
2009/8/3,119.09375,119.109375,114.796875,115.3125,1241737
2009/8/10,115.1875,119.453125,114.875,118.78125,1290228
2009/8/17,118.671875,120.953125,118.5625,118.8125,1240233
2009/8/24,118.640625,121.21875,118.125,119.09375,1821115
2009/8/31,119.21875,121.34375,118.6875,119.0625,906750
2009/9/8,119.09375,121.40625,117.5625,120.5,825948
2009/9/14,120.46875,120.71875,118.40625,119.28125,921555
2009/9/21,119.375,121.09375,118.21875,120.875,1039985
2009/9/28,120.90625,123.78125,120.78125,122.28125,1113015
2009/10/5,122.40625,123.21875,119.625,119.96875,1272408
2009/10/12,119.8125,121.125,118.625,119.5625,963110
2009/10/19,119.4375,121.0625,118.8125,119.03125,1049470
2009/10/26,118.84375,120.28125,117.78125,120.15625,1274277
2009/11/2,120.25,120.46875,117.6875,118.4375,1351726
2009/11/9,118.375,119.53125,117.3125,119.4375,1174804
2009/11/16,119.40625,121.34375,119.3125,120.875,1401751
2009/11/23,120.75,123,120.03125,122.625,1516929
2009/11/30,122.34375,122.75,118.46875,118.8125,1279696
2009/12/7,118.8125,120.25,117.15625,117.84375,1161579
2009/12/14,117.65625,119.25,117.1875,118.25,916127
2009/12/21,118.3125,118.4375,115.09375,115.21875,516537
2009/12/28,115.3125,115.90625,114.5,115.375,373859
2010/1/4,115,116.15625,114.6875,115.46875,1127607
2010/1/11,115.125,117.75,114.875,117.375,1205133
2010/1/19,117.40625,119.09375,116.75,118.84375,993355
2010/1/25,118.59375,119.21875,117.625,118.8125,1255169
2010/2/1,119.125,119.5625,117.25,119.5,1434798
2010/2/8,119.21875,119.34375,116.71875,117.5625,1369723
2010/2/16,117.46875,118.03125,115.90625,116.78125,1161745
2010/2/22,116.78125,118.28125,116.1875,117.6875,2081561
2010/3/1,117.34375,118.0625,116.5,116.6875,1192881
2010/3/8,116.625,117.21875,115.84375,116.9375,1138532
2010/3/15,117.0625,118.375,116.5,117.90625,1122708
2010/3/22,117.9375,118.15625,114.8125,115.4375,1389569
2010/3/29,115.3125,116.25,115,115.90625,957165
2010/4/5,114.90625,115.9375,114.1875,115.65625,1333896
2010/4/12,115.53125,117,115.25,116.875,1435116
2010/4/19,116.96875,117.90625,116.3125,116.875,1303377
2010/4/26,116.96875,119.125,116.6875,119.0625,1617961
2010/5/3,118.9375,124.5,118.46875,122,2383709
2010/5/10,121.4375,122.5625,119.8125,122.03125,1767564
2010/5/17,121.78125,126.03125,121.21875,124.875,2338905
2010/5/24,124.28125,126.46875,122.15625,122.65625,2382539
2010/6/1,122.625,124.4375,121.1875,124.375,1192345
2010/6/7,124.40625,125,122.53125,124.21875,1319118
2010/6/14,123.84375,124.71875,122.46875,123.9375,1094619
2010/6/21,123.5625,125.96875,122.65625,125.34375,1257252
2010/6/28,125.53125,128.59375,125.40625,127.15625,1452037
2010/7/6,127.1875,128.1875,126.15625,126.28125,879776
2010/7/12,126.21875,128.46875,125.21875,128.09375,1471964
2010/7/19,128.3125,129.4375,127.125,127.15625,1335370
2010/7/26,127.21875,128.75,126.03125,128.71875,1406326
2010/8/2,128.5625,129.84375,127.5625,129.53125,1237624
2010/8/9,129.53125,132.1875,129.09375,132,1434819
2010/8/16,132.0625,135.21875,131.96875,134,1572562
2010/8/23,133.96875,136.96875,133.53125,133.6875,2525414
2010/8/30,132.28125,135.21875,130.375,131.46875,1808866
2010/9/7,131.28125,133.375,129.84375,130.125,1148868
2010/9/13,130.0625,131.625,129.15625,130.09375,1551841
2010/9/20,130.15625,133.6875,129.96875,131.75,1524364
2010/9/27,131.6875,134.375,131.65625,133.375,1537174
2010/10/4,133.53125,135.375,133.25,134.3125,1580462
2010/10/11,134.375,134.9375,130.78125,131.03125,1652088
2010/10/18,131.1875,132.9375,131.15625,131.6875,1508235
2010/10/25,131.75,132.8125,129.5625,130.9375,1714761
2010/11/1,130.96875,133,129.90625,130.6875,2042409
2010/11/8,130.65625,131.21875,127.4375,127.9375,1882775
2010/11/15,127.8125,127.90625,125.46875,127.21875,1927170
2010/11/22,127.15625,129.09375,126.3125,127.53125,1593675
2010/11/29,125.8125,128,123.96875,124.125,1663893
2010/12/6,124.25,125.4375,120.84375,121.59375,1608215
2010/12/13,121.34375,122.28125,118.65625,121.375,1442909
2010/12/20,121.21875,122.0625,120.25,120.4375,647364
2010/12/27,120.4375,122.21875,119.1875,122.125,533009
2011/1/3,122.0625,122.15625,119.25,120.96875,1406214
2011/1/10,121.15625,122.0625,120.03125,120.90625,1510240
2011/1/18,120.96875,121.75,119.28125,120.09375,1360505
2011/1/24,120.1875,121.8125,119.59375,121.4375,1673073
2011/1/31,121.5,121.71875,117.71875,117.875,1697482
2011/2/7,117.9375,118.875,116.8125,118.40625,1716378
2011/2/14,118.46875,119.78125,118.15625,119.21875,1669643
2011/2/22,119.15625,121.875,119.125,120.15625,2130267
2011/2/28,120.34375,120.8125,118.15625,119.21875,1869089
2011/3/7,119.125,121.125,118.34375,120.28125,1664223
2011/3/14,120.375,123.6875,119.75,121.75,1965927
2011/3/21,121.84375,122.25,120.0625,120.25,1347102
2011/3/28,120.25,120.96875,119.34375,120.375,1330957
2011/4/4,120.40625,120.875,117.875,118.53125,1444823
2011/4/11,118.28125,120.9375,117.875,120.8125,1520192
2011/4/18,120.78125,121.5625,119.90625,121.03125,1059456
2011/4/25,121,122.5625,120.96875,122.375,1188472
2011/5/2,122.375,124.78125,122.0625,124.3125,1568592
2011/5/9,124.1875,125.125,123.4375,124.4375,1631080
2011/5/16,124.6875,125.84375,123.71875,124.84375,1858389
2011/5/23,124.9375,126.0625,124.125,124.59375,2341832
2011/5/31,124.53125,126.3125,124.03125,125.25,1535210
2011/6/6,125.375,126.375,124.3125,125.71875,1773851
2011/6/13,125.75,126.5625,123.71875,125.875,1912579
2011/6/20,125.875,127.03125,125.125,126.59375,1578078
2011/6/27,126.53125,126.84375,122.15625,122.6875,1873088
2011/7/5,122.75,125,122.65625,124.96875,1220021
2011/7/11,124.9375,127.46875,124.59375,126.03125,1898904
2011/7/18,125.96875,127.0625,124.71875,125.84375,1512517
2011/7/25,125.1875,128.5625,124.6875,128.125,1579930
2011/8/1,127.5625,135.15625,127.28125,132.1875,2690785
2011/8/8,131.6875,139.84375,131.34375,136.9375,2661601
2011/8/15,136.375,141.1875,135.5,140.21875,1732529
2011/8/22,140.3125,140.78125,136.0625,138.15625,2222538
2011/8/29,138.03125,140.40625,135.03125,140.34375,1855994
2011/9/6,140.375,141.90625,139.21875,141.3125,1307088
2011/9/12,141.375,141.96875,138.6875,139.4375,1551185
2011/9/19,140.03125,147,140.03125,144.71875,1878950
2011/9/26,144.375,145.3125,139.8125,142.625,1726702
2011/10/3,142.71875,146.40625,140.21875,141.3125,1729446
2011/10/10,141.375,141.4375,137.84375,138.40625,1287455
2011/10/17,138.09375,141,137.40625,138.5,1547392
2011/10/24,138.5,140.40625,135.15625,136.875,1797598
2011/10/31,136.59375,143.125,136.5625,141,1903150
2011/11/7,141,143.125,140.1875,140.4375,1456385
2011/11/14,140.53125,143.65625,140.0625,142.78125,1516248
2011/11/21,142.8125,145.4375,142.8125,143.84375,1503664
2011/11/28,143.21875,144.09375,139.75,141.8125,2101274
2011/12/5,141.78125,142.8125,140.09375,141.15625,1404639
2011/12/12,141.0625,145.59375,140.78125,145.28125,1405720
2011/12/19,145.15625,146.34375,141.875,141.96875,930452
2011/12/27,142.09375,145.25,142.03125,144.8125,365936
2012/1/3,143.9375,143.96875,141.3125,143.03125,1041358
2012/1/9,142.96875,145.34375,142.03125,145,1374738
2012/1/17,144.9375,145.40625,141.75,141.875,1204105
2012/1/23,142,143.5625,140.65625,143.4375,1771744
2012/1/30,143.4375,145.46875,142.1875,142.40625,1940474
2012/2/6,142.875,143.53125,140.71875,142.78125,1643257
2012/2/13,142.3125,143.84375,141.6875,142.09375,1570767
2012/2/21,142,143.125,140.96875,143,1408414
2012/2/27,143.03125,144.09375,140.0625,141.21875,2070239
2012/3/5,141.40625,142.3125,139.8125,140.3125,1397512
2012/3/12,140.40625,141.15625,135.46875,136.4375,1951180
2012/3/19,136.4375,138.125,135.15625,137.8125,1599144
2012/3/26,137.78125,139.15625,136.84375,137.75,1561082
2012/4/2,137.78125,139,136.375,138.34375,1333151
2012/4/9,140.46875,141.84375,139.9375,141.4375,1570750
2012/4/16,141.625,142.34375,141.125,141.96875,1352670
2012/4/23,142.0625,143.5625,141.09375,142.71875,1327211
2012/4/30,142.65625,143.78125,141.9375,143.6875,1207994
2012/5/7,143.84375,145.25,143.5625,145.125,1608885
2012/5/14,145.1875,148.71875,145.125,148.3125,2350301
2012/5/21,148.0625,148.5625,146.6875,147.71875,2478766
2012/5/29,147.65625,152.46875,146.90625,152.09375,2729989
2012/6/4,152.25,152.59375,148.0625,148.65625,2322836
2012/6/11,148.03125,150.03125,146.875,149.65625,2139507
2012/6/18,149,150.28125,147.65625,148.09375,1945056
2012/6/25,148.03125,150,147.71875,147.96875,1682805
2012/7/2,148.09375,150.0625,147.8125,149.875,1207121
2012/7/9,149.875,151.875,149.8125,151.1875,1397748
2012/7/16,151.25,152.3125,150.34375,151.78125,1351678
2012/7/23,151.90625,153.34375,149.25,150.03125,1860507
2012/7/30,150.15625,152.125,149.25,149.53125,1817166
2012/8/6,149.78125,150.34375,147.3125,148.84375,1335620
2012/8/13,148.8125,149.28125,145.125,145.875,1498054
2012/8/20,145.875,149.125,145.09375,148.375,1500700
2012/8/27,148.28125,151.71875,148.125,151.40625,1866146
2012/9/4,151.65625,151.90625,148.3125,149.28125,1503295
2012/9/10,149.21875,149.71875,144.5,144.9375,1887834
2012/9/17,144.78125,147.59375,144.46875,146.875,1508807
2012/9/24,146.96875,150.28125,146.90625,149.375,1592359
2012/10/1,149.34375,150.1875,147.34375,147.5,1617090
2012/10/8,147.34375,150.21875,147.3125,149.5625,1405984
2012/10/15,149.625,149.8125,146.15625,147.5625,1646948
2012/10/22,147.53125,148.1875,146.0625,148,1680852
2012/10/29,148.25,149.34375,147.5625,148.40625,1152089
2012/11/5,148.625,152.25,148.09375,151.625,2024940
2012/11/12,151.75,152.65625,151.3125,152.21875,1387549
2012/11/19,151.9375,151.96875,149.71875,150.03125,905159
2012/11/26,150.03125,151.78125,149.4375,150.0625,2185364
2012/12/3,149.8125,150.875,149.03125,149.53125,1782073
2012/12/10,149.59375,150.0625,147.28125,148.34375,1777619
2012/12/17,148.28125,148.375,145.59375,147.53125,1832079
2012/12/24,147.34375,148.78125,146.9375,148.375,409920
2012/12/31,148.40625,148.71875,143.53125,144.5,1354252
2013/1/7,144.65625,145.625,144.34375,145.28125,1649281
2013/1/14,145.3125,146.53125,144.875,145.84375,1581202
2013/1/22,145.78125,146.46875,143.9375,144.0625,1506531
2013/1/28,144,144.40625,142.4375,142.84375,2650056
2013/2/4,142.75,144.1875,142.15625,143.6875,2189257
2013/2/11,143.65625,143.9375,142.28125,143.46875,1851171
2013/2/19,143.40625,144.21875,142.53125,144,1681787
2013/2/25,144,146.3125,143.28125,144.34375,3068967
2013/3/4,144.65625,144.90625,140.4375,141,1855551
2013/3/11,141.1875,142.0625,140.5625,141.875,1645484
2013/3/18,142.3125,143.96875,142.3125,143.625,2038602
2013/3/25,143.375,144.96875,142.625,144.46875,1513938
2013/4/1,144.28125,148.28125,144,148,1943762
2013/4/8,147.8125,148,145.8125,147.53125,1890265
2013/4/15,147.46875,148.625,147.15625,148.125,1948139
2013/4/22,148.03125,149.1875,147.46875,148.875,1819329
2013/4/29,148.71875,149.65625,146.84375,147.0625,1981090
2013/5/6,147.15625,147.375,144.53125,145,2045870
2013/5/13,144.75,145.5625,143.5,143.96875,2289725
2013/5/20,144.03125,145.09375,142.28125,143.375,2975334
2013/5/28,143.28125,143.40625,139.09375,140.03125,2973796
2013/6/3,140.15625,142.46875,139.3125,139.78125,2680336
2013/6/10,139.5,140.875,137.78125,140.34375,2399881
2013/6/17,140.1875,140.625,134.4375,135.03125,2315653
2013/6/24,134.8125,136.125,133.125,135.84375,2014765
2013/7/1,135.65625,136.84375,132.125,132.65625,1153266
2013/7/8,132.4375,135.03125,132.0625,133.9375,1361700
2013/7/15,134.21875,135.875,133.40625,135.5,1271259
2013/7/22,135.59375,136,133.5,134.71875,1170924
2013/7/29,134.6875,134.96875,131.78125,133.71875,1564740
2013/8/5,133.75,134.625,132.78125,134.4375,1087211
2013/8/12,134.4375,135.0625,130.53125,131.03125,1557047
2013/8/19,131.09375,132.0625,129.875,131.8125,1744665
2013/8/26,131.90625,133.5,130.40625,131.90625,2139436
2013/9/3,131.25,131.34375,128.375,129.03125,1472091
2013/9/9,129.0625,130.34375,128.59375,129.8125,1458486
2013/9/16,130.3125,132.46875,129.625,131.6875,1904532
2013/9/23,131.59375,133.71875,131.40625,133.4375,1362593
2013/9/30,133.4375,133.90625,132.6875,132.96875,1614713
2013/10/7,133.21875,133.78125,132,132.8125,1392807
2013/10/14,133.09375,134.8125,131.625,134.09375,1172079
2013/10/21,134.1875,135.75,133.5625,135.34375,1276353
2013/10/28,135.21875,135.71875,133.625,133.75,1402263
2013/11/4,133.65625,134.3125,131.5625,131.75,1620307
2013/11/11,131.6875,132.96875,131.125,132.53125,1130116
2013/11/18,132.53125,133.3125,130.4375,131.90625,1774813
2013/11/25,132,132.75,130.1875,130.75,1487233
2013/12/2,130.4375,130.5625,128.03125,128.90625,1673320
2013/12/9,129.15625,130.34375,129.0625,129.65625,1199146
2013/12/16,129.75,130.25,128.40625,130.09375,1404449
2013/12/23,130.15625,131.375,128.0625,128.28125,422066
2013/12/30,128.3125,128.96875,127.71875,128.53125,578271
2014/1/6,128.46875,130.75,128.25,130.71875,1456817
2014/1/13,130.59375,131.5,130.09375,131.3125,1116523
2014/1/21,131.40625,133.15625,130.84375,132.84375,1174283
2014/1/27,133.03125,133.96875,132.03125,133.59375,1774084
2014/2/3,133.75,135.09375,132.375,133.3125,1776495
2014/2/10,133.09375,133.4375,132,132.90625,1185343
2014/2/18,132.96875,133.90625,132.375,133.09375,1053771
2014/2/24,133.125,134.28125,132.34375,133.0625,2395105
2014/3/3,133.53125,134.03125,130.625,131.15625,1622832
2014/3/10,131.25,134,130.875,133.46875,1665109
2014/3/17,133.34375,133.625,131.75,132.65625,1432746
2014/3/24,132.65625,134.5,132.34375,133.53125,1616294
2014/3/31,133.40625,133.46875,131.65625,132.96875,1589371
2014/4/7,133,134.875,132.84375,134.78125,1604736
2014/4/14,134.78125,135.3125,133.59375,133.90625,1212840
2014/4/21,133.875,135.28125,133.4375,134.9375,1196852
2014/4/28,134.875,136.5,133.78125,136.1875,1865753
2014/5/5,136.125,136.6875,135.53125,135.75,1714560
2014/5/12,135.75,138.125,135.15625,137.4375,1703432
2014/5/19,137.375,137.78125,136.1875,136.9375,1501416
2014/5/27,136.96875,138.71875,136.65625,137.46875,2180494
2014/6/2,137.21875,137.28125,134.46875,135.375,1955371
2014/6/9,135.46875,136.1875,134.5625,135.78125,1595505
2014/6/16,135.8125,136.34375,134.625,135.34375,1674759
2014/6/23,135.59375,137.375,135.25,136.90625,1365500
2014/6/30,136.90625,137.21875,134.34375,135,1158351
2014/7/7,135.1875,137.71875,134.90625,137.375,1440445
2014/7/14,137.4375,138.71875,136.53125,138.0625,1457070
2014/7/21,138.09375,138.84375,137.65625,138.65625,1289318
2014/7/28,138.6875,139.09375,136.4375,137.9375,2234451
2014/8/4,138.0625,140.34375,137.5625,139.40625,1769717
2014/8/11,139.28125,141.65625,138.5,141.03125,1848446
2014/8/18,140.96875,141.03125,139.34375,140.4375,1548392
2014/8/25,140.34375,141.3125,139.78125,140.09375,2386820
2014/9/2,140.0625,140.125,137.84375,137.9375,1732076
2014/9/8,138,138.71875,135.78125,135.84375,1791080
2014/9/15,136,136.84375,135.40625,136.59375,1671349
2014/9/22,136.75,138.21875,136.625,137.625,1632338
2014/9/29,137.78125,140.03125,137.5625,139.21875,2132983
2014/10/6,139.28125,141.6875,139.03125,141.28125,2274411
2014/10/13,141.6875,148,141.5625,142.90625,3183630
2014/10/20,142.78125,143.78125,141.21875,141.71875,1775074
2014/10/27,141.75,142.28125,140.5,141.09375,1617144
2014/11/3,141.1875,141.96875,140.25,141.65625,1628318
2014/11/10,141.90625,142.25,140.53125,141.6875,1126767
2014/11/17,141.625,142.28125,141,142,1531898
2014/11/24,142,143.03125,141.5,142.625,1900635
2014/12/1,142.875,143.28125,140.8125,141.53125,1824222
2014/12/8,141.4375,145.5625,140.9375,145.1875,2045010
2014/12/15,145.28125,146.59375,143.09375,144.3125,1857990
2014/12/22,144.59375,144.78125,142.34375,143.375,458780
2014/12/29,143.34375,145.9375,143.21875,145.5,612103
2015/1/5,145.5625,149.25,145.40625,147.53125,2118482
2015/1/12,147.96875,151.3125,147.3125,149.53125,2151891
2015/1/20,149.375,150.65625,147.375,149.84375,1663628
2015/1/26,150.46875,151.875,149.3125,151.28125,1755719
2015/2/2,151.59375,151.71875,147.03125,147.65625,1904949
2015/2/9,147.625,148.28125,145.53125,145.90625,1470031
2015/2/17,145.5625,146.125,143.78125,144.03125,1495685
2015/2/23,144.15625,163.125,144.09375,161.84375,2309535
2015/3/2,162,162.15625,154.84375,155.625,1386290
2015/3/9,155.59375,160.8125,155.46875,159.59375,1190394
2015/3/16,159.46875,164.375,159.4375,164.15625,1007693
2015/3/23,164.21875,165.84375,162.25,164.40625,1008741
2015/3/30,164.0625,166.65625,163.15625,164.5625,757354
2015/4/6,165.75,165.8125,162.90625,163.5,878241
2015/4/13,163.46875,165.8125,162.59375,165.46875,1185008
2015/4/20,164.90625,165.34375,160.96875,162.5625,1132561
2015/4/27,162.78125,163.28125,157.4375,157.625,1244598
2015/5/4,157.6875,158.15625,153,156.21875,1438261
2015/5/11,156.03125,156.65625,151.125,155.59375,1588324
2015/5/18,155.53125,155.53125,151.875,153.78125,1258135
2015/5/26,154.125,156.75,153.90625,155.625,1361773
2015/6/1,155,155.4375,148.59375,149.71875,1433788
2015/6/8,149.65625,151.6875,147.5,150.46875,1166800
2015/6/15,150.625,152.1875,149.1875,151.90625,1200912
2015/6/22,151.75,151.78125,147.34375,147.5625,1182381
2015/6/29,149.75,151.6875,147.8125,149.1875,1119578
2015/7/6,151.9375,154.71875,149.03125,149.09375,1592747
2015/7/13,150.3125,152.34375,148.15625,152.09375,1105005
2015/7/20,152.0625,155.09375,150.96875,154.59375,1113919
2015/7/27,154.71875,156.65625,153.40625,155.9375,1149370
2015/8/3,156.40625,158.71875,155.21875,158.53125,1198001
2015/8/10,158.625,160.6875,156.625,158.125,1372310
2015/8/17,158.1875,160.84375,156.9375,160.1875,1255570
2015/8/24,160.875,163.03125,154.65625,155.21875,2231431
2015/8/31,154.65625,156.25,153.71875,155.8125,1142378
2015/9/8,155.8125,155.875,152.4375,154.8125,882726
2015/9/14,154.65625,155.84375,151.78125,155.75,1074603
2015/9/21,155.625,157.5,153.375,155.4375,1158634
2015/9/28,155.625,160.625,155.46875,158.8125,1347912
2015/10/5,158.78125,159.15625,155.8125,156.90625,1113653
2015/10/12,157.03125,159.75,156.71875,158.9375,835224
2015/10/19,158.53125,159.0625,156.5625,157.15625,1137013
2015/10/26,157.09375,159.0625,155.65625,156.4375,1270666
2015/11/2,156.6875,157,151.78125,152.3125,1330102
2015/11/9,152.5,153.65625,151.375,153.375,1011034
2015/11/16,154.03125,155.0625,152.5625,154.4375,1114668
2015/11/23,154.40625,155.75,153.78125,153.84375,1104824
2015/11/30,153.84375,156.25,151.375,153.78125,1427660
2015/12/7,153.65625,157.53125,153.375,157.21875,1238721
2015/12/14,157.21875,157.375,153.59375,156.375,1039901
2015/12/21,156.21875,156.90625,153.75,155.0625,449198
2015/12/28,155,156.09375,152.75,153.75,513014
2016/1/4,153.4375,156.78125,153.28125,156.375,1380599
2016/1/11,156.6875,159.75,155.03125,159.125,1715975
2016/1/19,159.21875,161.5625,158.03125,159.03125,1282454
2016/1/25,158.9375,161.84375,158.75,161.03125,1185243
2016/2/1,161.25,164.21875,160.46875,163.25,1557061
2016/2/8,163.5,170.8125,162.875,166.46875,1968345
2016/2/16,166.3125,167.125,163.9375,166.59375,1230552
2016/2/22,166.53125,168.78125,163.96875,164.28125,1935250
2016/2/29,164.21875,165.3125,161.625,162.25,1355318
2016/3/7,162.4375,164.84375,160.96875,161.21875,1216924
2016/3/14,161.1875,163.75,160.9375,163.21875,1016059
2016/3/21,163.21875,164.3125,161.53125,163.03125,799667
2016/3/28,162.90625,165.3125,162.53125,164.375,1055809
2016/4/4,164.90625,167.1875,164.28125,166.1875,876622
2016/4/11,166.25,166.78125,164.65625,166.125,968953
2016/4/18,166.4375,166.71875,162.09375,162.46875,1184782
2016/4/25,162.46875,163.5,160.96875,163.3125,1138798
2016/5/2,163.03125,166.5,161.9375,165.03125,1150427
2016/5/9,165.0625,166.8125,164.71875,166.71875,1102245
2016/5/16,166.71875,166.90625,163.125,164.25,1250160
2016/5/23,164.28125,165,162.46875,162.9375,1476088
2016/5/31,162.65625,166.875,161.71875,166.59375,1130964
2016/6/6,166.71875,168.9375,165.625,168.34375,1125703
2016/6/13,168.4375,171.21875,168.15625,169.15625,1249534
2016/6/20,168.625,173.78125,165.78125,169.96875,1257224
2016/6/27,171.125,175.34375,170.875,173.6875,1470628
2016/7/5,174.40625,177.28125,173.75,176.9375,1064372
2016/7/11,177.09375,177.34375,171.40625,171.65625,1291302
2016/7/18,171.8125,172.6875,169.96875,171.625,958840
2016/7/25,171.78125,174.6875,170.96875,174.4375,1130397
2016/8/1,174.5625,174.59375,171.125,171.5625,1188359
2016/8/8,171.375,173.9375,170.65625,172.96875,943710
2016/8/15,173.09375,173.375,170.4375,171.09375,991878
2016/8/22,170.9375,173.09375,170.28125,170.3125,1546842
2016/8/29,170.34375,172.15625,168.78125,169.5,1374266
2016/9/6,169.34375,171.5,166.53125,166.84375,1103817
2016/9/12,166.5,167.5625,164.53125,165.65625,1346315
2016/9/19,165.78125,168.25,164.40625,167.8125,1012478
2016/9/26,167.875,170.09375,167.65625,168.15625,1182389
2016/10/3,168.4375,168.78125,164.25,164.90625,1297589
2016/10/10,165.125,165.40625,163,163.21875,1094294
2016/10/17,163.0625,165.21875,162.59375,164.8125,1165758
2016/10/24,164.96875,165.3125,161.65625,162.1875,1275806
2016/10/31,162.375,163.9375,161.6875,163.34375,1307952
2016/11/7,162.6875,164.96875,155,155.15625,2035503
2016/11/14,155.28125,155.5,152.375,153.15625,1907728
2016/11/21,152.90625,154.28125,151.59375,152.8125,1393235
2016/11/28,153.125,153.90625,148.34375,150.5,1829558
2016/12/5,150.96875,151.59375,148,148.5,1214821
2016/12/12,148.25,150.15625,147.125,147.65625,1537469
2016/12/19,147.75,149.375,147.65625,149.125,658243
2016/12/27,148.96875,150.75,148.21875,150.65625,438588
2017/1/3,150.21875,153.28125,149.0625,151.78125,1126308
2017/1/9,151.71875,153.96875,151.34375,152.28125,1221319
2017/1/17,152.0625,153.875,149.9375,150.78125,1111982
2017/1/23,150.78125,152.46875,148.9375,150.375,1126215
2017/1/30,150.46875,151.46875,149.71875,150.03125,1441386
2017/2/6,150.40625,153.65625,150.3125,151.90625,1426930
2017/2/13,151.84375,151.96875,149.5,151.25,1171674
2017/2/21,151.4375,153.375,150.59375,153.21875,1782447
2017/2/27,152,152.125,148.6875,149.25,1507298
2017/3/6,149.3125,149.9375,146.40625,146.84375,1365624
2017/3/13,146.9375,148.625,145.8125,148.4375,1102415
2017/3/20,148.46875,151.1875,148.1875,151.09375,1270620
2017/3/27,150.90625,152.09375,150.15625,150.84375,1124208
2017/4/3,150.96875,153.125,150.65625,151.5,1382829
2017/4/10,151.375,154.3125,151.09375,154,956908
2017/4/17,154.1875,155.5,153.3125,154.15625,1064567
2017/4/24,153.0625,153.6875,151.875,152.96875,1207154
2017/5/1,152.96875,153.21875,151.34375,151.8125,1302602
2017/5/8,151.5625,152.40625,150.21875,151.4375,1218418
2017/5/15,151.5,154.40625,150.9375,153.84375,1500787
2017/5/22,153.9375,154.375,153.09375,153.90625,1806881
2017/5/30,152.65625,155.21875,152.4375,154.84375,1089428
2017/6/5,154.96875,155.375,153.59375,154.21875,1303322
2017/6/12,154.15625,156.15625,153.5625,155.625,1432845
2017/6/19,155.78125,156.71875,155.28125,156.625,1128255
2017/6/26,156.5625,157.25,153.5625,153.6875,1593717
2017/7/3,153.78125,153.9375,151.5625,151.65625,1047113
2017/7/10,151.78125,153.5,151.625,152.625,1222955
2017/7/17,152.40625,154.96875,152.375,154.78125,971169
2017/7/24,154.625,154.84375,152.09375,153.1875,1225020
2017/7/31,153.15625,155.3125,152.28125,154.09375,1257708
2017/8/7,154.125,155.90625,153.53125,155.46875,1135748
2017/8/14,155.40625,156.375,153.75,155.84375,1221702
2017/8/21,155.75,156.75,155.5,156.53125,1501550
2017/8/28,156.625,158.125,154.9375,155.1875,1541419
2017/9/5,155.59375,158.28125,155.15625,157.28125,1140331
2017/9/11,156.78125,156.90625,154.375,155.03125,1175569
2017/9/18,154.875,155.03125,153.5,154.09375,1149499
2017/9/25,154.25,155.125,152.03125,152.8125,1622305
2017/10/2,152.6875,153.25,151.21875,151.90625,1297476
2017/10/9,152.0625,154.15625,151.875,154,1108733
2017/10/16,154.09375,154.125,151.78125,152.1875,1321946
2017/10/23,152.09375,152.625,150.3125,151.1875,1469242
2017/10/30,151.5,154,151.34375,153.65625,1336121
2017/11/6,153.75,154.8125,152.0625,152.3125,1390031
2017/11/13,152.15625,154.3125,152.03125,153.78125,1384658
2017/11/20,154.03125,154.75,153.53125,154.25,963024
2017/11/27,154.3125,154.84375,151,153.25,2443501
2017/12/4,152.5,154.5625,152.0625,152.875,1378861
2017/12/11,153,154.46875,152.15625,154.28125,1269067
2017/12/18,154.25,154.25,150.4375,151,1083238
2017/12/26,150.90625,153.125,150.75,153,655884
2018/1/2,152.84375,152.90625,151.375,151.8125,928307
2018/1/8,151.84375,152.21875,149.09375,150.5,1609418
2018/1/16,150.5,151.1875,148.53125,149,1313875
2018/1/22,148.90625,149.6875,148.21875,148.75,1562971
2018/1/29,148.75,148.90625,144.75,144.78125,2257737
2018/2/5,144.9375,147.71875,143.59375,144.15625,3214568
2018/2/12,143.71875,145.28125,143.125,144.21875,1783770
2018/2/20,144.1875,144.46875,142.4375,144.0625,1731744
2018/2/26,144.125,144.84375,142.125,143.4375,2084081
2018/3/5,143.28125,144.15625,142.65625,143.125,1397379
2018/3/12,143.0625,145.34375,142.84375,144.4375,1319183
2018/3/19,144.40625,145.5,142.9375,144.71875,1544239
2018/3/26,144.875,146.75,144.21875,146.625,1213377
2018/4/2,146.28125,147.09375,144.78125,146.03125,1316918
2018/4/9,146,146.875,145.09375,145.40625,1290332
2018/4/16,145.375,146.0625,142.90625,143.09375,1379642
2018/4/23,142.96875,143.28125,141.53125,143.25,1229248
2018/4/30,143.15625,144.25,142.6875,143.65625,1354763
2018/5/7,143.46875,143.84375,142.46875,143.125,1182699
2018/5/14,143.09375,143.34375,140.15625,141.1875,1581493
2018/5/21,141.03125,143.9375,140.78125,143.6875,2251850
2018/5/29,144.5,146.5,143.4375,143.9375,2295243
2018/6/4,143.84375,144.1875,142.03125,143.1875,1577495
2018/6/11,143.125,144.3125,142.0625,143.65625,1426192
2018/6/18,143.6875,144.78125,143.03125,143.96875,1188960
2018/6/25,144,145.5,143.9375,145,1380464
2018/7/2,144.84375,146.34375,144.5,145.65625,637491
2018/7/9,145.84375,145.875,144.9375,145.6875,1008877
2018/7/16,145.71875,145.75,144.125,144.1875,1193434
2018/7/23,144.3125,144.375,142.5,142.9375,1494689
2018/7/30,143,143.5,141.84375,142.96875,1524356
2018/8/6,142.96875,144.6875,142.34375,144.65625,1293908
2018/8/13,144.5625,145.09375,143.84375,144.53125,1378054
2018/8/20,144.6875,145.90625,144.59375,145.59375,1542657
2018/8/27,145.875,145.90625,143.71875,144.21875,1658286
2018/9/4,143.96875,144.09375,142.40625,142.5625,1334911
2018/9/10,142.46875,142.84375,141.53125,141.75,1337115
2018/9/17,141.71875,141.96875,139.71875,140.34375,1584777
2018/9/24,140.4375,141.125,139.53125,140.5,1590953
2018/10/1,140.28125,140.71875,136.8125,137.28125,2642539
2018/10/8,137.15625,138.96875,136.5,138.71875,2361647
2018/10/15,138.34375,138.8125,137.46875,137.71875,1766519
2018/10/22,137.84375,139.78125,137.625,139.4375,2242710
2018/10/29,139.4375,139.875,137.03125,137.15625,2150468
2018/11/5,137.15625,138.09375,136.75,137.90625,1673671
2018/11/12,138,139.75,137.8125,139.5625,1819990
2018/11/19,139.78125,140.53125,139,140,1388043
2018/11/26,140.125,140.34375,138.96875,139.90625,2580598
2018/12/3,139.6875,143.8125,139.4375,143.34375,1545428
2018/12/10,143.625,143.96875,142.3125,142.71875,1803234
2018/12/17,142.71875,146,142.625,144.8125,1852928
2018/12/24,144.78125,146.09375,144.40625,145.53125,840331
2018/12/31,145.65625,148.84375,145.21875,146.875,1458761
2019/1/7,146.71875,147.53125,144.9375,145.75,1472555
2019/1/14,145.75,146.34375,144.28125,144.53125,1413700
2019/1/22,144.53125,145.9375,144.40625,145.09375,1160552
2019/1/28,145,147.03125,144.875,145.9375,1467170
2019/2/4,146.0625,146.96875,144.90625,146.875,1208620
2019/2/11,146.78125,146.9375,145.5,146.5625,1182935
2019/2/19,146.5625,147.15625,145.53125,146.40625,1566862
2019/2/25,146.34375,146.875,143.5625,143.8125,2505435
2019/3/4,143.6875,146.1875,143.5,145.96875,1426372
2019/3/11,145.90625,146.53125,145.09375,146.1875,1369904
2019/3/18,146.25,149.125,145.375,148.53125,1628044
2019/3/25,148.65625,150.65625,148.1875,149.65625,1924345
2019/4/1,149.65625,149.65625,147.03125,147.9375,1282963
2019/4/8,148.0625,148.53125,146.8125,146.90625,1135122
2019/4/15,146.8125,147.15625,145.96875,146.84375,850236
2019/4/22,146.78125,147.8125,146.125,147.59375,959193
2019/4/29,147.625,148.375,146.65625,147.375,1413416
2019/5/6,147.65625,149.1875,147.65625,148.65625,1824605
2019/5/13,149.0625,150.3125,148.6875,149.6875,1260268
2019/5/20,149.6875,151.46875,148.9375,150.96875,1682279
2019/5/28,151.09375,154,151,153.71875,2143692
2019/6/3,153.75,155.03125,153.09375,154.53125,1922533
2019/6/10,153.625,154.84375,152.84375,154.34375,1223330
2019/6/17,154.5625,156.53125,154,154.59375,1621539
2019/6/24,154.78125,156.0625,154.53125,155.59375,1151884
2019/7/1,155,157.0625,154.46875,154.96875,996502
2019/7/8,154.9375,155.6875,152.875,153.71875,1491014
2019/7/15,153.46875,155.28125,153.0625,154.75,1183739
2019/7/22,154.65625,155.5625,153.71875,154.34375,1240838
2019/7/29,154.5,158.96875,154.4375,158.59375,1902702
2019/8/5,158.65625,163.96875,158.53125,161.28125,2549933
2019/8/12,161.34375,166.9375,161.15625,165.5625,2264862
2019/8/19,165.03125,165.96875,162.9375,165.53125,1935559
2019/8/26,166.40625,167.5625,164.4375,165.25,2479925
2019/9/3,165.65625,166.71875,163.1875,164.5,1410288
2019/9/9,164.40625,164.5,157.53125,157.625,1998251
2019/9/16,158.1875,161.625,157.9375,160.875,1448021
2019/9/23,161.1875,163.3125,160.5,162.34375,1579536
2019/9/30,162.09375,165.15625,160.59375,165,1839069
2019/10/7,165.0625,165.21875,160.0625,160.4375,1662034
2019/10/14,160.75,161.75,159.3125,160.21875,1081649
2019/10/21,160.375,160.6875,159.0625,159.375,1185621
2019/10/28,159.46875,161.6875,158.15625,160.625,1570021
2019/11/4,160.625,160.8125,155.8125,156.40625,1798250
2019/11/11,156.125,158.9375,156,158.3125,1149193
2019/11/18,158.34375,160.90625,157.875,159.875,1829904
2019/11/25,159.8125,160.78125,158.5625,158.96875,1515866
2019/12/2,158.75,160.40625,157.15625,157.625,1769882
2019/12/9,157.59375,159.0625,155.71875,158.21875,1808665
2019/12/16,157.90625,158.0625,155.4375,156.25,1172773
2019/12/23,156.1875,157.03125,155.5625,156.90625,470716
2019/12/30,156.75,158.34375,155.15625,158.28125,1110741
2020/1/6,158.5625,159.59375,155.90625,157.625,1661721
2020/1/13,157.6875,158.78125,156.875,157.28125,1585171
2020/1/21,157.46875,160.875,157.28125,160.625,1416072
2020/1/27,161.3125,163.9375,160.84375,163.53125,2089803
2020/2/3,164.0625,164.15625,160.46875,162.59375,1936172
2020/2/10,162.65625,163.28125,161.46875,162.40625,1490220
2020/2/18,162.375,165.6875,162.0625,164.96875,1893305
2020/2/24,165.96875,170.875,165.46875,170.25,4440892
2020/3/2,170.625,180.59375,169,179.6875,3774366
2020/3/9,180.53125,191.6875,172.15625,176.65625,2798407
2020/3/16,179.5625,182.65625,167.15625,175.96875,1590763
2020/3/23,178.59375,181.25,174.875,179.0625,1284585
2020/3/30,181.0625,182.96875,178.84375,182.5625,1194474
2020/4/6,182.125,182.125,177.5625,178.84375,764387
2020/4/13,178.34375,182.03125,177.4375,179.875,1056457
2020/4/20,180.21875,183.0625,180.03125,182,912777
2020/4/27,181.90625,182.625,180.09375,180.65625,1087207
2020/5/4,181.46875,181.8125,178.03125,179.6875,1152648
2020/5/11,179.6875,182.46875,178.46875,180.9375,1256796
2020/5/18,181.03125,181.125,177.8125,180.25,1583593
2020/5/26,180.125,180.46875,176.75,178.375,1954198
2020/6/1,178.375,178.8125,170.9375,172.5,1499879
2020/6/8,172.5625,178.40625,171.71875,177.1875,1355510
2020/6/15,177.34375,178.4375,174.90625,177.28125,1194717
2020/6/22,177.75,179.25,176.40625,179.09375,1126203
2020/6/29,179.15625,179.53125,177.28125,178.28125,1013581
2020/7/6,178.4375,181.4375,177.1875,179.8125,1194485
2020/7/13,179.59375,180.75,178.96875,179.71875,1014202
2020/7/20,179.6875,181.9375,179.6875,181.09375,1117368
2020/7/27,181,182.8125,179.9375,182.28125,1257067
2020/8/3,182.40625,183.1875,181.28125,181.59375,1318771
2020/8/10,181.46875,182,177.5,177.84375,1660376
2020/8/17,177.84375,179.875,177.6875,179.59375,1541972
2020/8/24,179.6875,180.0625,173.5,174.78125,2848278
2020/8/31,174.96875,178.53125,174.1875,175.375,1821732
2020/9/8,175.40625,177,175,176.59375,1215440
2020/9/14,176.625,177.4375,175.875,176,1308649
2020/9/21,176.0625,177.28125,175.9375,177.03125,1317721
2020/9/28,177.125,177.375,175.25,175.90625,1724712
2020/10/5,175.6875,175.78125,173.3125,174.03125,1851837
2020/10/12,174.09375,176.3125,174,174.90625,1214213
2020/10/19,174.75,174.84375,171.6875,172.59375,1731538
2020/10/26,172.71875,174.90625,172,172.46875,2071322
2020/11/2,172.15625,175.84375,170.21875,173.3125,2335807
2020/11/9,173.03125,173.75,169.5,172.1875,1894179
2020/11/16,172.09375,174.28125,171.28125,174.0625,1976045
2020/11/23,174.21875,175.0625,172.53125,175.03125,2504886
2020/11/30,175,175.3125,171.125,171.65625,2086678
2020/12/7,171.53125,174.28125,171.1875,173.65625,1538980
2020/12/14,173.5,173.96875,172.0625,172.125,1644947
2020/12/21,172.28125,173.75,171.5,172.75,1079597
2020/12/28,172.9375,173.25,171.84375,173.1875,855655
2021/1/4,172.84375,173.34375,168.15625,168.75,2450560
2021/1/11,168.46875,169.6875,167.34375,168.8125,1997963
2021/1/19,169.03125,169.375,168.1875,168.875,1408773
2021/1/25,168.96875,170.90625,168.40625,168.71875,2172451
2021/2/1,169.25,169.375,166.40625,166.71875,1797299
2021/2/8,166.6875,168,165.875,166.15625,1986263
2021/2/16,165.8125,165.875,162.8125,163.09375,2490783
2021/2/22,163.03125,163.40625,156.25,159.21875,4604429
2021/3/1,160.25,160.8125,155.84375,157.21875,2625608
2021/3/8,156.53125,158.875,155.375,155.5625,2394560
2021/3/15,155.65625,156.625,153.21875,154.09375,2531200
2021/3/22,154.40625,157.25,154.3125,155.96875,2038551
2021/3/29,155.59375,156.4375,153.90625,156.21875,1806447
2021/4/5,155.65625,157.125,155.1875,156.5,1554672
2021/4/12,156.5625,159.03125,155.78125,158,2042998
2021/4/19,157.90625,158.9375,156.84375,158.28125,1584749
2021/4/26,158.28125,158.6875,156.1875,157.25,1812008
2021/5/3,157.21875,160.46875,156.65625,157.96875,1968928
2021/5/10,157.90625,158.375,155.4375,156.8125,2047405
2021/5/17,156.9375,157.5,155.78125,157.25,1759032
2021/5/24,157.46875,159.03125,155.875,156.53125,3245095
2021/6/1,156.25,157.53125,155.5,157.46875,1227464
2021/6/7,157.78125,159.90625,156.96875,159.21875,1735042
2021/6/14,159.40625,161.34375,157.375,160.9375,2260438
2021/6/21,161.25,163.0625,158.5625,158.75,1601667
2021/6/28,158.9375,161.25,158.84375,160.90625,1503615
2021/7/6,161.03125,164.9375,160.59375,162.625,1533807
2021/7/12,162.4375,164,161.1875,163.8125,1665357
2021/7/19,163.96875,167.125,163.28125,164.03125,2009212
2021/7/26,164.125,165.375,163.71875,164.71875,1601076
2021/8/2,164.8125,167,163.8125,164.1875,1674533
2021/8/9,163.875,164.8125,162.53125,164.40625,1440218
2021/8/16,164.65625,166.1875,164.53125,165.75,1630063
2021/8/23,165.75,165.875,163.34375,164.5,2838635
2021/8/30,163,164,162.5,162.90625,1705499
2021/9/7,162.78125,163.84375,161.625,162.71875,1377565
2021/9/13,162.65625,164.75,162.25,162.59375,1772625
2021/9/20,162.65625,164.5,160.84375,160.96875,2270449
2021/9/27,161,161.25,158.6875,160.34375,2551736
2021/10/4,160.4375,160.625,157.5,157.75,2147767
2021/10/11,157.59375,160.34375,157.09375,159.375,1711917
2021/10/18,159.40625,159.78125,157.21875,158.28125,2185428
2021/10/25,158.59375,161.25,157.75,160.84375,2497480
2021/11/1,160.8125,163.125,159.5625,162.875,2081097
2021/11/8,162.65625,164.03125,161.1875,161.375,1744611
2021/11/15,161.65625,162.125,159.59375,161.8125,2010648
2021/11/22,161.65625,163.03125,158.90625,162.875,2801910
2021/11/29,161.125,164.375,159.875,164.15625,2495696
2021/12/6,163.9375,163.9375,160.375,161.3125,1689133
2021/12/13,161.21875,162.96875,160.9375,162.5625,1429860
2021/12/20,162.625,163.59375,160.34375,160.46875,1126991
2021/12/27,160.53125,161.34375,159.03125,160.4375,927884
2022/1/3,160,160.15625,154.625,155.125,2024691
2022/1/10,155.15625,156.875,154.59375,155.34375,1787185
2022/1/18,155.03125,156.25,153.21875,155.9375,1721724
2022/1/24,155.6875,156.59375,153.90625,155.75,1836848
2022/1/31,155.59375,156.53125,153.0625,153.25,1804078
2022/2/7,153.4375,153.9375,150.8125,152.65625,1898868
2022/2/14,152.75,153.46875,150.375,153.03125,1963990
2022/2/22,153.25,154.90625,152.0625,153.96875,3090789
2022/2/28,155.53125,159.78125,154.96875,159.3125,2478041
2022/3/7,159.375,160.375,154.40625,155.0625,1873946
2022/3/14,155.25,155.28125,150.84375,152.46875,1501013
2022/3/21,152.21875,152.34375,146.625,147.0625,1568580
2022/3/28,147.25,150.40625,146.3125,149.8125,1772626
2022/4/4,149.46875,149.65625,142.8125,143.15625,1675571
2022/4/11,143.125,143.65625,140.75,141.0625,1392835
2022/4/18,140.9375,141.40625,138.4375,140.09375,1571757
2022/4/25,140.125,143.28125,139.84375,140.6875,1768915
2022/5/2,139.84375,140.75,136,136.3125,1836949
2022/5/9,136.21875,141.09375,134.9375,139.09375,1978499
2022/5/16,139.03125,142.0625,137.9375,141.78125,2019723
2022/5/23,141.6875,142.6875,140.03125,140.9375,2619905
2022/5/31,141,141.09375,137.40625,138.125,1518585
2022/6/6,138.375,138.46875,135.15625,135.625,1563640
2022/6/13,135.53125,135.84375,131.03125,134.65625,2199568
2022/6/21,134.59375,137.90625,133.28125,136.03125,1445413
2022/6/27,135.9375,141.34375,134.25,139.34375,1569824
2022/7/5,139.4375,142.1875,136.78125,136.84375,1334992
2022/7/11,136.9375,140.65625,136.75,140.03125,1591455
2022/7/18,140.03125,143,137.71875,142.0625,1423997
2022/7/25,142.625,144.375,140.96875,144,1498307
2022/8/1,143.5625,145.96875,140.59375,141.21875,1624510
2022/8/8,141.21875,144.0625,139.5,140.59375,1287197
2022/8/15,140.71875,142.09375,138.21875,138.46875,1227840
2022/8/22,138.6875,139.125,136,137.6875,2413200
2022/8/29,137.59375,137.625,133.09375,134.59375,1614713
2022/9/6,134.40625,134.9375,132.0625,132.9375,1087829
2022/9/12,132.90625,133.8125,130.375,131.15625,1318207
2022/9/19,131.0625,131.3125,126.90625,128.78125,1701771
2022/9/26,128.96875,128.96875,123.9375,126.40625,2366487
2022/10/3,126.15625,129.375,125.0625,125.53125,1589919
2022/10/10,125.5,125.96875,122.875,123.71875,1523914
2022/10/17,123.625,124.875,118.1875,119.125,1753400
2022/10/24,118.9375,122.78125,117.59375,121.25,1679155
2022/10/31,121.03125,122.875,118.6875,119.4375,1656959
2022/11/7,119.5625,124.3125,118.09375,123.8125,1425284
2022/11/14,123.34375,126.84375,122.875,125.4375,1565459
2022/11/21,125.40625,128.59375,125.21875,127.59375,2072939
2022/11/28,127.59375,130.28125,126,129.78125,2022506
2022/12/5,129.875,132,128.375,129.90625,1364098
2022/12/12,129.625,132.46875,129.34375,131.15625,1519213
2022/12/19,131,131.03125,127.09375,127.15625,1093968
2022/12/27,127.34375,127.46875,124.34375,125.34375,795631
2023/1/3,125.5,129.5,125.09375,129.21875,1287495
2023/1/9,129.15625,131.3125,127.9375,130,1661103
2023/1/17,130.0625,132.96875,128.75,130.46875,1424738
2023/1/23,130.53125,131.65625,129.3125,130.15625,1317467
2023/1/30,130.28125,132.6875,129.375,130.0625,1954336
2023/2/6,130.03125,130.0625,126.8125,126.9375,1617687
2023/2/13,126.9375,128.8125,124.4375,125.78125,1796948
2023/2/21,125.84375,125.9375,123.5625,123.875,2714930
2023/2/27,125.03125,125.625,122.6875,124.875,1909038
2023/3/6,124.9375,129.59375,124.5,129.34375,2141186
2023/3/13,129.4375,133.5,128.21875,132.71875,3510256
2023/3/20,131.8125,133.90625,129.25,132.34375,1882067
2023/3/27,132.5625,132.59375,129.1875,131.15625,1284306
2023/4/3,131.15625,134.4375,130.375,133.09375,1070488
2023/4/10,133.09375,133.59375,130.5625,130.71875,1149211
2023/4/17,130.8125,130.96875,129.125,129.90625,1164534
2023/4/24,129.8125,132.65625,129.8125,131.65625,1427209
2023/5/1,131.8125,133,129.0625,130.96875,1628305
2023/5/8,131.15625,132.25,129.5625,130.71875,1303711
2023/5/15,130.59375,130.75,126.8125,127.15625,1768908
2023/5/22,127.4375,127.75,124.96875,125.625,2665127
2023/5/30,126.15625,129.5,125.6875,127.9375,1559805
2023/6/5,127.8125,128.5,125.84375,127.5,1351685
2023/6/12,127.3125,128.40625,126.125,127.34375,1647086
2023/6/20,127.375,128.625,126.375,127.90625,1280719
2023/6/26,127.9375,128.8125,125.65625,126.90625,1781900
2023/7/3,126.75,127.75,123.25,123.75,1454301
2023/7/10,123.53125,127.1875,122.9375,126.4375,1637265
2023/7/17,126.25,127.75,125.90625,126.375,1435149
2023/7/24,126.25,127.0625,123.28125,124.25,1703066
2023/7/31,124.4375,124.875,119.78125,122,2380775
2023/8/7,122.125,123.6875,120.65625,120.75,1698021
2023/8/14,120.78125,121.28125,118.4375,119.21875,1703494
2023/8/21,119.21875,120.71875,117.5625,119.75,2875861
2023/8/28,119.875,121.96875,119.59375,120.34375,2266701
2023/9/5,120.25,120.25,118.78125,119.5625,1215889
2023/9/11,119.34375,120,118.25,118.59375,1574538
2023/9/18,118.4375,119,115.71875,116.90625,2028476
2023/9/25,116.9375,117,112.3125,113.78125,3348896
2023/10/2,113.75,113.75,108.90625,110.46875,3237236
2023/10/9,110.5625,114.3125,110.34375,112.78125,2507058
2023/10/16,112.84375,112.84375,107.53125,108.46875,2601285
2023/10/23,108.0625,110.5,107.125,109.5,2673229
2023/10/30,109.6875,114.84375,108.5,113.65625,3297547
2023/11/6,113.40625,115.375,112.375,113.375,2514802
2023/11/13,113.09375,116.15625,112.375,115.40625,2365931
2023/11/20,115.3125,116.5,114.6875,114.84375,2293218
2023/11/27,114.90625,118.53125,114.46875,118.15625,3231651
2023/12/4,118.46875,120.78125,117.28125,119,2406232
2023/12/11,119.125,124.28125,118.28125,123.78125,2581790
2023/12/18,123.875,124.9375,123,123.78125,1893269
2023/12/26,123.90625,125.9375,123.8125,124.9375,1162755
2024/1/2,124.46875,124.65625,121.28125,122.03125,2061635
2024/1/8,122.03125,123.46875,121.46875,122.875,2208487
2024/1/16,123.0625,123.09375,119.3125,120,2012869
2024/1/22,120.25,121.15625,119,119.5625,1888695
2024/1/29,119.90625,124.75,119.71875,121.90625,3011880
2024/2/5,121.9375,121.96875,119.46875,119.625,2018826
2024/2/12,119.75,120.875,117.8125,118.21875,1918441
2024/2/20,118.34375,119.25,117.34375,119.0625,2598496
2024/2/26,119.09375,120.0625,118.1875,120.03125,3459500
2024/3/4,119.9375,122.40625,119.15625,121.5,2128213
2024/3/11,121.59375,122.09375,118.46875,118.71875,1951458
2024/3/18,118.59375,120.15625,118.09375,119.78125,1819415
2024/3/25,119.96875,120.625,119.0625,120.4375,1332606
2024/4/1,120.34375,120.46875,116.75,117.53125,2518911
2024/4/8,117.09375,118.3125,114.90625,116.21875,2663780
2024/4/15,116.03125,116.15625,113.3125,114.625,2690650
2024/4/22,114.375,115.15625,112.84375,113.84375,1971862
2024/4/29,113.9375,116.5625,113.6875,115.9375,2304967
2024/5/6,115.8125,117.21875,115.71875,116.0625,1951579
2024/5/13,116.125,118.71875,115.65625,117.3125,1891415
2024/5/20,117.28125,117.65625,116.40625,116.8125,2773909
2024/5/28,116.96875,117.15625,114.34375,116.0625,2878643
2024/6/3,116.25,119.96875,116.21875,117.53125,2222225
2024/6/10,117.4375,120.75,116.71875,120.4375,2537334
2024/6/17,120.25,120.5625,119.21875,119.78125,1840449
2024/6/24,119.71875,120.625,117.4375,118.3125,2360540
2024/7/1,117.3125,118.9375,115.9375,118.8125,1996624
2024/7/8,118.71875,120.34375,118.03125,119.9375,2073486
2024/7/15,119.375,120.53125,118.71875,119.125,2098878
2024/7/22,119.46875,119.75,117.90625,119.34375,2190799
2024/7/29,119.375,125.25,119.3125,125.0625,2776645
2024/8/5,125.1875,126.84375,121.53125,122.90625,2992818
2024/8/12,122.9375,124.78125,122.53125,123.6875,1862613
2024/8/19,123.71875,125.5625,123.46875,124.59375,2836531
2024/8/26,124.71875,125.09375,122.65625,123.125,3272695
2024/9/3,122.9375,126.8125,122.53125,125.875,2206033
2024/9/9,125.6875,127.4375,125.09375,126.71875,2060852
2024/9/16,126.65625,127.6875,124.6875,125.25,2389159
2024/9/23,125.03125,125.3125,123.71875,124.875,2170247
2024/9/30,124.8125,125.78125,121.78125,121.96875,2684757
2024/10/7,121.9375,122.25,119.71875,120.375,2147638
2024/10/14,120,121.71875,119.4375,120.25,1769057
2024/10/21,120.0625,120.1875,117.78125,118.28125,2274265
2024/10/28,118.1875,118.875,116.5,116.8125,3181539
2024/11/4,117.28125,118.65625,115.3125,117.84375,2957900
2024/11/11,117.84375,118.15625,115.34375,116.3125,2560533
2024/11/18,116.09375,117.40625,115.28125,116.28125,3478299
2024/11/25,117.03125,119.65625,116.84375,119.5,2922976
2024/12/2,119.53125,120.5625,118.3125,120.15625,2078817
2024/12/9,120,120.3125,116.125,116.25,1947530
2024/12/16,116.28125,116.6875,113.53125,114.5,2463826
2024/12/23,114.5,114.59375,113.0625,113.28125,848092
2024/12/30,113.1875,114.71875,113.0625,113.53125,1180447
2025/1/6,113.46875,113.75,110.875,111.21875,2402811
2025/1/13,111.34375,113.625,110.59375,113.09375,2240477
2025/1/21,112.90625,114.09375,112.5,113.1875,1680529
2025/1/27,113.21875,115.03125,113.21875,113.90625,2364723
2025/2/3,114,117.03125,113.5625,115.53125,2973418
2025/2/10,115.5,115.9375,113.125,115.53125,2272613
2025/2/18,115.46875,116.3125,114.125,116.09375,2546901
2025/2/24,115.9375,118.625,115.5625,118.09375,4611843
2025/3/3,118.1875,119.5625,116.375,116.65625,3483105
2025/3/10,116.9375,118.65625,116,116.75,2457942
2025/3/17,116.6875,118.71875,116.3125,117.375,2064519
2025/3/24,117.375,117.4375,115.25,117.09375,2035291
2025/3/31,117.28125,121.84375,117.09375,120.59375,4144613
2025/4/7,121.21875,122.15625,111.53125,113.1875,5320575
2025/4/14,113.34375,115.46875,112.5,114.5625,1966622
2025/4/21,114.3125,116.28125,112.71875,115.8125,1779985
2025/4/28,116.09375,117.65625,114.75,114.90625,1676894
2025/5/5,115.03125,115.59375,113.78125,114.34375,1729783
2025/5/12,114.0625,114.15625,111.90625,113.375,1873034
2025/5/19,112.5625,113.53125,110.03125,111.65625,3583869
2025/5/27,111.59375,113.1875,110.9375,112.78125,2735860
2025/6/2,112.96875,114.3125,111.84375,112.125,2038656
2025/6/9,112.03125,114.9375,111.78125,113.25,1689068
2025/6/16,113.625,114.28125,112.5625,113.78125,1063303
2025/6/23,114,115.28125,113.25,114.46875,1988723
2025/6/30,114.46875,116.09375,113.96875,114.25,1780500
2025/7/7,114.21875,114.40625,112.65625,112.90625,1723705
2025/7/14,113,113.3125,111.34375,112.4375,1965143
2025/7/21,112.625,114.0625,112.40625,113.40625,1489136
