DATE,GC1_CLOSE,GC1_VOLUME,GC1_OPEN,GC1_HIGH,GC1_LOW,GC1_is_trading
2022-04-28,1891.3,170910.0,1886.8,1897.8,1870.9,1
2022-04-29,1911.7,177136.0,1895.8,1921.3,1893.5,1
2022-04-30,1911.7,0.0,1895.8,1921.3,1893.5,0
2022-05-01,1911.7,0.0,1895.8,1921.3,1893.5,0
2022-05-02,1863.6,193825.0,1896.2,1900.4,1853.4,1
2022-05-03,1870.6,167434.0,1863.6,1878.4,1849.7,1
2022-05-04,1868.8,161479.0,1868.3,1892.0,1861.1,1
2022-05-05,1875.7,218392.0,1884.1,1910.7,1872.3,1
2022-05-06,1882.8,194279.0,1877.5,1894.0,1865.0,1
2022-05-07,1882.8,0.0,1877.5,1894.0,1865.0,0
2022-05-08,1882.8,0.0,1877.5,1894.0,1865.0,0
2022-05-09,1858.6,218821.0,1883.7,1885.6,1851.0,1
2022-05-10,1841.0,260811.0,1853.9,1864.7,1834.5,1
2022-05-11,1853.7,243561.0,1836.6,1857.8,1830.6,1
2022-05-12,1824.6,255608.0,1852.3,1858.8,1820.1,1
2022-05-13,1808.2,179483.0,1821.4,1827.6,1797.2,1
2022-05-14,1808.2,0.0,1821.4,1827.6,1797.2,0
2022-05-15,1808.2,0.0,1821.4,1827.6,1797.2,0
2022-05-16,1814.0,159493.0,1809.4,1826.0,1785.0,1
2022-05-17,1818.9,137288.0,1823.9,1834.8,1811.0,1
2022-05-18,1815.9,150353.0,1813.2,1822.9,1805.0,1
2022-05-19,1841.2,175242.0,1815.1,1848.2,1808.4,1
2022-05-20,1842.1,143045.0,1839.6,1847.8,1830.6,1
2022-05-21,1842.1,0.0,1839.6,1847.8,1830.6,0
2022-05-22,1842.1,0.0,1839.6,1847.8,1830.6,0
2022-05-23,1847.8,163266.0,1844.4,1864.3,1843.3,1
2022-05-24,1865.4,174762.0,1852.3,1869.1,1847.6,1
2022-05-25,1846.3,182823.0,1865.4,1866.7,1838.7,1
2022-05-26,1847.6,123355.0,1851.8,1852.8,1836.3,1
2022-05-27,1857.3,123764.0,1855.1,1866.9,1851.9,1
2022-05-28,1857.3,0.0,1855.1,1866.9,1851.9,0
2022-05-29,1857.3,0.0,1855.1,1866.9,1851.9,0
2022-05-30,1857.3,0.0,1855.1,1866.9,1851.9,0
2022-05-31,1848.4,201803.0,1856.5,1867.9,1837.6,1
2022-06-01,1848.7,158036.0,1840.0,1853.0,1830.2,1
2022-06-02,1871.4,127471.0,1849.9,1874.4,1846.5,1
2022-06-03,1850.2,115343.0,1872.6,1878.6,1849.7,1
2022-06-04,1850.2,0.0,1872.6,1878.6,1849.7,0
2022-06-05,1850.2,0.0,1872.6,1878.6,1849.7,0
2022-06-06,1843.7,103179.0,1853.7,1861.2,1843.0,1
2022-06-07,1852.1,119211.0,1843.5,1858.2,1838.5,1
2022-06-08,1856.5,114141.0,1855.0,1862.4,1846.6,1
2022-06-09,1852.8,131293.0,1855.1,1857.8,1841.9,1
2022-06-10,1875.5,267204.0,1850.4,1879.6,1826.5,1
2022-06-11,1875.5,0.0,1850.4,1879.6,1826.5,0
2022-06-12,1875.5,0.0,1850.4,1879.6,1826.5,0
2022-06-13,1831.8,252543.0,1879.0,1882.5,1819.0,1
2022-06-14,1813.5,165146.0,1820.9,1833.3,1806.1,1
2022-06-15,1819.6,203421.0,1809.7,1845.4,1808.4,1
2022-06-16,1849.9,180893.0,1835.8,1860.2,1816.3,1
2022-06-17,1840.6,141718.0,1859.3,1861.5,1836.1,1
2022-06-18,1840.6,0.0,1859.3,1861.5,1836.1,0
2022-06-19,1840.6,0.0,1859.3,1861.5,1836.1,0
2022-06-20,1840.6,0.0,1859.3,1861.5,1836.1,0
2022-06-21,1838.8,176299.0,1840.6,1848.4,1830.7,1
2022-06-22,1838.4,149553.0,1834.9,1850.3,1824.5,1
2022-06-23,1829.8,167071.0,1839.7,1848.9,1823.5,1
2022-06-24,1830.3,139723.0,1824.2,1833.7,1817.7,1
2022-06-25,1830.3,0.0,1824.2,1833.7,1817.7,0
2022-06-26,1830.3,0.0,1824.2,1833.7,1817.7,0
2022-06-27,1824.8,143820.0,1839.6,1842.8,1821.8,1
2022-06-28,1821.2,111397.0,1823.6,1830.9,1819.1,1
2022-06-29,1817.5,155542.0,1821.4,1834.9,1810.7,1
2022-06-30,1807.3,208898.0,1819.2,1826.8,1802.5,1
2022-07-01,1801.5,249489.0,1808.1,1813.6,1783.4,1
2022-07-02,1801.5,0.0,1808.1,1813.6,1783.4,0
2022-07-03,1801.5,0.0,1808.1,1813.6,1783.4,0
2022-07-04,1801.5,0.0,1808.1,1813.6,1783.4,0
2022-07-05,1763.9,310369.0,1814.4,1815.2,1763.0,1
2022-07-06,1736.5,258824.0,1764.2,1771.5,1730.7,1
2022-07-07,1739.7,151256.0,1737.2,1748.2,1734.7,1
2022-07-08,1742.3,189178.0,1738.7,1751.7,1726.0,1
2022-07-09,1742.3,0.0,1738.7,1751.7,1726.0,0
2022-07-10,1742.3,0.0,1738.7,1751.7,1726.0,0
2022-07-11,1731.7,171902.0,1741.5,1743.0,1729.0,1
2022-07-12,1724.8,255170.0,1731.3,1742.2,1721.6,1
2022-07-13,1735.5,300550.0,1723.6,1744.3,1704.5,1
2022-07-14,1705.8,266354.0,1733.6,1734.8,1695.0,1
2022-07-15,1703.6,176797.0,1708.2,1714.2,1696.6,1
2022-07-16,1703.6,0.0,1708.2,1714.2,1696.6,0
2022-07-17,1703.6,0.0,1708.2,1714.2,1696.6,0
2022-07-18,1710.2,157535.0,1706.4,1722.0,1704.4,1
2022-07-19,1710.7,131771.0,1707.2,1716.5,1702.6,1
2022-07-20,1700.2,174466.0,1709.5,1712.7,1690.1,1
2022-07-21,1713.4,248875.0,1693.7,1719.5,1678.4,1
2022-07-22,1727.4,200622.0,1717.2,1738.3,1711.7,1
2022-07-23,1727.4,0.0,1717.2,1738.3,1711.7,0
2022-07-24,1727.4,0.0,1717.2,1738.3,1711.7,0
2022-07-25,1719.1,160719.0,1726.3,1734.6,1712.9,1
2022-07-26,1717.7,147367.0,1717.9,1726.4,1711.5,1
2022-07-27,1719.1,144865.0,1715.2,1739.6,1709.1,1
2022-07-28,1769.2,192863.0,1751.4,1774.4,1750.4,1
2022-07-29,1781.8,140666.0,1773.1,1784.6,1768.4,1
2022-07-30,1781.8,0.0,1773.1,1784.6,1768.4,0
2022-07-31,1781.8,0.0,1773.1,1784.6,1768.4,0
2022-08-01,1787.7,133742.0,1782.5,1792.5,1774.3,1
2022-08-02,1789.7,174165.0,1789.2,1805.0,1776.0,1
2022-08-03,1776.4,151734.0,1777.3,1789.4,1770.0,1
2022-08-04,1806.9,153292.0,1782.1,1812.0,1779.4,1
2022-08-05,1791.2,168901.0,1807.7,1811.6,1780.2,1
2022-08-06,1791.2,0.0,1807.7,1811.6,1780.2,0
2022-08-07,1791.2,0.0,1807.7,1811.6,1780.2,0
2022-08-08,1805.2,103683.0,1790.3,1806.4,1786.9,1
2022-08-09,1812.3,120510.0,1805.5,1817.0,1799.4,1
2022-08-10,1813.7,154592.0,1811.5,1824.6,1803.3,1
2022-08-11,1807.2,121259.0,1807.9,1814.9,1798.6,1
2022-08-12,1815.5,118649.0,1805.2,1819.1,1799.6,1
2022-08-13,1815.5,0.0,1805.2,1819.1,1799.6,0
2022-08-14,1815.5,0.0,1805.2,1819.1,1799.6,0
2022-08-15,1798.1,137765.0,1818.9,1818.9,1787.6,1
2022-08-16,1789.7,94403.0,1795.5,1798.0,1785.4,1
2022-08-17,1776.7,137832.0,1790.8,1796.6,1773.9,1
2022-08-18,1771.2,124319.0,1777.1,1786.3,1768.8,1
2022-08-19,1762.9,138699.0,1773.1,1773.3,1759.1,1
2022-08-20,1762.9,0.0,1773.1,1773.3,1759.1,0
2022-08-21,1762.9,0.0,1773.1,1773.3,1759.1,0
2022-08-22,1748.4,142857.0,1760.6,1762.1,1740.2,1
2022-08-23,1761.2,145260.0,1750.0,1767.5,1743.1,1
2022-08-24,1761.5,112645.0,1761.3,1769.5,1754.8,1
2022-08-25,1771.4,117570.0,1764.4,1778.8,1763.0,1
2022-08-26,1749.8,176904.0,1771.8,1772.3,1746.2,1
2022-08-27,1749.8,0.0,1771.8,1772.3,1746.2,0
2022-08-28,1749.8,0.0,1771.8,1772.3,1746.2,0
2022-08-29,1749.7,156220.0,1748.4,1757.9,1731.4,1
2022-08-30,1736.3,130664.0,1749.8,1752.8,1732.9,1
2022-08-31,1726.2,176731.0,1735.5,1738.0,1720.6,1
2022-09-01,1709.3,198618.0,1723.0,1723.0,1699.1,1
2022-09-02,1722.6,174684.0,1707.8,1729.5,1705.9,1
2022-09-03,1722.6,0.0,1707.8,1729.5,1705.9,0
2022-09-04,1722.6,0.0,1707.8,1729.5,1705.9,0
2022-09-05,1722.6,0.0,1707.8,1729.5,1705.9,0
2022-09-06,1712.9,206268.0,1724.2,1737.4,1710.6,1
2022-09-07,1727.8,173624.0,1712.9,1731.2,1701.7,1
2022-09-08,1720.2,184176.0,1729.5,1739.4,1713.7,1
2022-09-09,1728.6,154706.0,1719.6,1740.5,1719.4,1
2022-09-10,1728.6,0.0,1719.6,1740.5,1719.4,0
2022-09-11,1728.6,0.0,1719.6,1740.5,1719.4,0
2022-09-12,1740.6,154374.0,1728.4,1746.4,1722.3,1
2022-09-13,1717.4,232696.0,1736.0,1742.9,1706.7,1
2022-09-14,1709.1,163288.0,1711.6,1717.3,1703.3,1
2022-09-15,1677.3,268094.0,1707.2,1707.8,1668.9,1
2022-09-16,1683.5,217226.0,1673.7,1689.9,1661.9,1
2022-09-17,1683.5,0.0,1673.7,1689.9,1661.9,0
2022-09-18,1683.5,0.0,1673.7,1689.9,1661.9,0
2022-09-19,1678.2,141171.0,1685.4,1688.8,1667.6,1
2022-09-20,1671.1,143933.0,1684.9,1688.8,1668.1,1
2022-09-21,1675.7,227938.0,1673.2,1696.9,1661.3,1
2022-09-22,1681.1,241279.0,1682.8,1693.5,1663.3,1
2022-09-23,1655.6,243045.0,1680.1,1685.0,1646.6,1
2022-09-24,1655.6,0.0,1680.1,1685.0,1646.6,0
2022-09-25,1655.6,0.0,1680.1,1685.0,1646.6,0
2022-09-26,1633.4,219861.0,1651.0,1657.2,1627.7,1
2022-09-27,1636.2,197058.0,1629.2,1650.1,1628.7,1
2022-09-28,1670.0,279817.0,1636.5,1671.6,1622.2,1
2022-09-29,1668.6,201961.0,1669.0,1673.1,1649.3,1
2022-09-30,1672.0,179989.0,1669.5,1684.4,1667.5,1
2022-10-01,1672.0,0.0,1669.5,1684.4,1667.5,0
2022-10-02,1672.0,0.0,1669.5,1684.4,1667.5,0
2022-10-03,1702.0,215493.0,1670.5,1710.4,1666.5,1
2022-10-04,1730.5,205084.0,1708.4,1738.7,1704.0,1
2022-10-05,1720.8,173222.0,1734.4,1736.6,1708.8,1
2022-10-06,1720.8,139443.0,1725.5,1734.2,1714.8,1
2022-10-07,1709.3,157445.0,1721.0,1722.8,1698.4,1
2022-10-08,1709.3,0.0,1721.0,1722.8,1698.4,0
2022-10-09,1709.3,0.0,1721.0,1722.8,1698.4,0
2022-10-10,1675.2,157149.0,1703.4,1707.4,1672.5,1
2022-10-11,1686.0,171814.0,1675.6,1691.3,1667.5,1
2022-10-12,1677.5,131769.0,1673.4,1685.1,1668.0,1
2022-10-13,1677.0,237007.0,1680.2,1688.9,1648.3,1
2022-10-14,1648.9,183170.0,1672.8,1677.8,1645.6,1
2022-10-15,1648.9,0.0,1672.8,1677.8,1645.6,0
2022-10-16,1648.9,0.0,1672.8,1677.8,1645.6,0
2022-10-17,1664.0,148889.0,1649.9,1674.3,1649.1,1
2022-10-18,1655.8,163168.0,1655.9,1666.0,1650.6,1
2022-10-19,1634.2,179246.0,1657.2,1659.8,1632.2,1
2022-10-20,1636.8,163734.0,1634.6,1650.3,1626.3,1
2022-10-21,1656.3,271095.0,1632.4,1663.1,1621.1,1
2022-10-22,1656.3,0.0,1632.4,1663.1,1621.1,0
2022-10-23,1656.3,0.0,1632.4,1663.1,1621.1,0
2022-10-24,1654.1,171022.0,1662.9,1675.5,1648.0,1
2022-10-25,1658.0,182795.0,1654.5,1666.8,1641.2,1
2022-10-26,1669.2,186926.0,1657.7,1679.4,1653.8,1
2022-10-27,1665.6,189287.0,1668.8,1674.8,1658.5,1
2022-10-28,1644.8,196363.0,1667.2,1670.9,1640.7,1
2022-10-29,1644.8,0.0,1667.2,1670.9,1640.7,0
2022-10-30,1644.8,0.0,1667.2,1670.9,1640.7,0
2022-10-31,1640.7,128413.0,1647.2,1648.5,1634.5,1
2022-11-01,1649.7,197976.0,1636.1,1660.3,1633.6,1
2022-11-02,1650.0,220926.0,1651.4,1673.1,1637.4,1
2022-11-03,1630.9,254699.0,1639.1,1643.2,1618.3,1
2022-11-04,1676.6,293521.0,1631.7,1686.4,1631.1,1
2022-11-05,1676.6,0.0,1631.7,1686.4,1631.1,0
2022-11-06,1676.6,0.0,1631.7,1686.4,1631.1,0
2022-11-07,1680.5,187589.0,1678.6,1685.6,1670.0,1
2022-11-08,1716.0,297618.0,1678.0,1720.4,1667.1,1
2022-11-09,1713.7,239645.0,1715.2,1725.8,1705.1,1
2022-11-10,1753.7,305717.0,1709.7,1760.6,1705.5,1
2022-11-11,1769.4,227044.0,1758.3,1775.6,1750.3,1
2022-11-12,1769.4,0.0,1758.3,1775.6,1750.3,0
2022-11-13,1769.4,0.0,1758.3,1775.6,1750.3,0
2022-11-14,1776.9,191347.0,1769.4,1778.4,1755.8,1
2022-11-15,1776.8,283019.0,1774.0,1791.8,1770.2,1
2022-11-16,1775.8,200755.0,1782.0,1788.2,1773.4,1
2022-11-17,1763.0,169097.0,1777.0,1777.6,1756.6,1
2022-11-18,1754.4,137327.0,1763.1,1769.9,1749.2,1
2022-11-19,1754.4,0.0,1763.1,1769.9,1749.2,0
2022-11-20,1754.4,0.0,1763.1,1769.9,1749.2,0
2022-11-21,1739.6,166082.0,1752.0,1755.0,1733.9,1
2022-11-22,1739.9,153092.0,1739.7,1751.0,1737.6,1
2022-11-23,1745.6,167770.0,1740.8,1754.9,1719.0,1
2022-11-24,1745.6,0.0,1740.8,1754.9,1719.0,0
2022-11-25,1754.0,134299.0,1751.0,1761.2,1745.9,1
2022-11-26,1754.0,0.0,1751.0,1761.2,1745.9,0
2022-11-27,1754.0,0.0,1751.0,1761.2,1745.9,0
2022-11-28,1740.3,132767.0,1755.0,1763.5,1738.2,1
2022-11-29,1763.7,127320.0,1754.6,1773.4,1752.9,1
2022-11-30,1759.9,192239.0,1763.4,1784.2,1758.2,1
2022-12-01,1815.2,226148.0,1783.1,1818.4,1782.9,1
2022-12-02,1809.6,183724.0,1817.0,1818.7,1791.8,1
2022-12-03,1809.6,0.0,1817.0,1818.7,1791.8,0
2022-12-04,1809.6,0.0,1817.0,1818.7,1791.8,0
2022-12-05,1781.3,179818.0,1810.5,1822.9,1778.1,1
2022-12-06,1782.4,127856.0,1780.8,1793.2,1779.1,1
2022-12-07,1798.0,155568.0,1783.3,1803.2,1780.5,1
2022-12-08,1801.5,116274.0,1799.5,1806.9,1793.2,1
2022-12-09,1810.7,150938.0,1801.9,1819.0,1800.1,1
2022-12-10,1810.7,0.0,1801.9,1819.0,1800.1,0
2022-12-11,1810.7,0.0,1801.9,1819.0,1800.1,0
2022-12-12,1792.3,107782.0,1808.0,1809.3,1789.0,1
2022-12-13,1825.5,230911.0,1792.3,1836.9,1791.8,1
2022-12-14,1818.7,143804.0,1822.6,1825.4,1806.2,1
2022-12-15,1787.8,185317.0,1818.7,1819.7,1782.0,1
2022-12-16,1800.2,128751.0,1786.9,1804.2,1783.9,1
2022-12-17,1800.2,0.0,1786.9,1804.2,1783.9,0
2022-12-18,1800.2,0.0,1786.9,1804.2,1783.9,0
2022-12-19,1797.7,86090.0,1801.6,1808.6,1793.2,1
2022-12-20,1825.4,197496.0,1796.8,1832.4,1793.7,1
2022-12-21,1825.4,110177.0,1827.9,1833.8,1821.3,1
2022-12-22,1795.3,175774.0,1823.8,1829.3,1792.7,1
2022-12-23,1804.2,105457.0,1801.0,1812.2,1798.9,1
2022-12-24,1804.2,0.0,1801.0,1812.2,1798.9,0
2022-12-25,1804.2,0.0,1801.0,1812.2,1798.9,0
2022-12-26,1804.2,0.0,1801.0,1812.2,1798.9,0
2022-12-27,1823.1,159616.0,1808.2,1841.9,1808.0,1
2022-12-28,1815.8,118076.0,1822.4,1822.8,1804.2,1
2022-12-29,1826.0,105992.0,1812.3,1827.3,1811.2,1
2022-12-30,1826.2,107496.0,1821.8,1832.4,1819.8,1
2022-12-31,1826.2,0.0,1821.8,1832.4,1819.8,0
2023-01-01,1826.2,0.0,1821.8,1832.4,1819.8,0
2023-01-02,1826.2,0.0,1821.8,1832.4,1819.8,0
2023-01-03,1846.1,212272.0,1831.8,1856.6,1831.3,1
2023-01-04,1859.0,198354.0,1845.2,1871.3,1842.0,1
2023-01-05,1840.6,188603.0,1861.2,1864.3,1829.9,1
2023-01-06,1869.7,215367.0,1835.9,1875.2,1835.2,1
2023-01-07,1869.7,0.0,1835.9,1875.2,1835.2,0
2023-01-08,1869.7,0.0,1835.9,1875.2,1835.2,0
2023-01-09,1877.8,204550.0,1872.8,1886.4,1869.3,1
2023-01-10,1876.5,170514.0,1875.7,1885.2,1872.0,1
2023-01-11,1878.9,222250.0,1881.3,1890.9,1870.9,1
2023-01-12,1898.8,265174.0,1879.7,1906.5,1872.4,1
2023-01-13,1921.7,247878.0,1898.8,1925.3,1895.1,1
2023-01-14,1921.7,0.0,1898.8,1925.3,1895.1,0
2023-01-15,1921.7,0.0,1898.8,1925.3,1895.1,0
2023-01-16,1921.7,0.0,1898.8,1925.3,1895.1,0
2023-01-17,1909.9,268368.0,1923.8,1931.8,1906.2,1
2023-01-18,1907.0,218967.0,1911.1,1929.8,1898.6,1
2023-01-19,1923.9,214246.0,1907.0,1936.9,1902.0,1
2023-01-20,1928.2,165272.0,1933.7,1939.0,1922.0,1
2023-01-21,1928.2,0.0,1933.7,1939.0,1922.0,0
2023-01-22,1928.2,0.0,1933.7,1939.0,1922.0,0
2023-01-23,1928.6,190094.0,1928.4,1936.7,1912.5,1
2023-01-24,1935.4,201713.0,1932.0,1943.8,1918.2,1
2023-01-25,1942.6,190302.0,1938.7,1949.5,1920.6,1
2023-01-26,1930.0,223255.0,1948.0,1949.8,1918.4,1
2023-01-27,1929.4,150902.0,1929.3,1935.4,1916.5,1
2023-01-28,1929.4,0.0,1929.3,1935.4,1916.5,0
2023-01-29,1929.4,0.0,1929.3,1935.4,1916.5,0
2023-01-30,1939.2,138071.0,1944.0,1950.1,1936.2,1
2023-01-31,1945.3,194077.0,1938.6,1946.9,1915.5,1
2023-02-01,1942.8,210613.0,1944.0,1970.8,1936.1,1
2023-02-02,1930.8,259844.0,1967.1,1975.2,1925.6,1
2023-02-03,1876.6,310612.0,1926.3,1932.4,1874.5,1
2023-02-04,1876.6,0.0,1926.3,1932.4,1874.5,0
2023-02-05,1876.6,0.0,1926.3,1932.4,1874.5,0
2023-02-06,1879.5,164540.0,1878.0,1894.0,1873.2,1
2023-02-07,1884.8,179673.0,1880.3,1897.2,1877.5,1
2023-02-08,1890.7,131904.0,1885.1,1898.9,1881.4,1
2023-02-09,1878.5,183551.0,1888.3,1902.3,1870.2,1
2023-02-10,1874.5,155270.0,1873.5,1883.5,1863.5,1
2023-02-11,1874.5,0.0,1873.5,1883.5,1863.5,0
2023-02-12,1874.5,0.0,1873.5,1883.5,1863.5,0
2023-02-13,1863.5,131217.0,1876.7,1877.2,1860.8,1
2023-02-14,1865.4,217012.0,1864.1,1881.6,1852.5,1
2023-02-15,1845.3,169531.0,1865.1,1870.9,1839.3,1
2023-02-16,1851.8,168509.0,1846.5,1854.9,1836.6,1
2023-02-17,1850.2,165081.0,1845.7,1853.1,1827.7,1
2023-02-18,1850.2,0.0,1845.7,1853.1,1827.7,0
2023-02-19,1850.2,0.0,1845.7,1853.1,1827.7,0
2023-02-20,1850.2,0.0,1845.7,1853.1,1827.7,0
2023-02-21,1842.5,210165.0,1850.5,1856.4,1839.0,1
2023-02-22,1841.5,141500.0,1843.7,1855.0,1831.9,1
2023-02-23,1826.8,179972.0,1834.7,1841.2,1824.8,1
2023-02-24,1817.1,169473.0,1829.7,1835.1,1815.5,1
2023-02-25,1817.1,0.0,1829.7,1835.1,1815.5,0
2023-02-26,1817.1,0.0,1829.7,1835.1,1815.5,0
2023-02-27,1824.9,130427.0,1818.0,1827.3,1812.0,1
2023-02-28,1836.7,184507.0,1823.9,1838.6,1810.8,1
2023-03-01,1845.4,182583.0,1834.0,1852.5,1829.6,1
2023-03-02,1840.5,139755.0,1843.8,1845.3,1835.9,1
2023-03-03,1854.6,158961.0,1842.1,1864.4,1842.0,1
2023-03-04,1854.6,0.0,1842.1,1864.4,1842.0,0
2023-03-05,1854.6,0.0,1842.1,1864.4,1842.0,0
2023-03-06,1854.6,136224.0,1861.0,1864.3,1850.6,1
2023-03-07,1820.0,248226.0,1852.6,1856.9,1817.1,1
2023-03-08,1818.6,208292.0,1818.0,1828.7,1813.4,1
2023-03-09,1834.6,228473.0,1818.0,1839.4,1815.4,1
2023-03-10,1867.2,345814.0,1835.1,1874.3,1830.0,1
2023-03-11,1867.2,0.0,1835.1,1874.3,1830.0,0
2023-03-12,1867.2,0.0,1835.1,1874.3,1830.0,0
2023-03-13,1916.5,452332.0,1877.1,1919.5,1875.7,1
2023-03-14,1910.9,261275.0,1919.4,1919.4,1899.8,1
2023-03-15,1931.3,385454.0,1908.2,1942.5,1889.5,1
2023-03-16,1923.0,248084.0,1922.8,1938.0,1911.5,1
2023-03-17,1973.5,351092.0,1925.9,1993.7,1922.3,1
2023-03-18,1973.5,0.0,1925.9,1993.7,1922.3,0
2023-03-19,1973.5,0.0,1925.9,1993.7,1922.3,0
2023-03-20,1982.8,338016.0,1989.7,2014.9,1970.0,1
2023-03-21,1941.1,248934.0,1983.1,1988.7,1938.6,1
2023-03-22,1949.6,245031.0,1943.5,1982.3,1936.5,1
2023-03-23,1995.9,262247.0,1974.0,2006.1,1967.3,1
2023-03-24,1983.8,285442.0,1996.1,2006.5,1977.7,1
2023-03-25,1983.8,0.0,1996.1,2006.5,1977.7,0
2023-03-26,1983.8,0.0,1996.1,2006.5,1977.7,0
2023-03-27,1953.8,206630.0,1982.6,1984.0,1945.0,1
2023-03-28,1973.5,183582.0,1957.8,1977.1,1949.9,1
2023-03-29,1966.9,88563.0,1975.4,1976.0,1959.5,1
2023-03-30,1997.7,171701.0,1982.7,2002.4,1971.6,1
2023-03-31,1986.2,162212.0,1998.0,2005.5,1984.2,1
2023-04-01,1986.2,0.0,1998.0,2005.5,1984.2,0
2023-04-02,1986.2,0.0,1998.0,2005.5,1984.2,0
2023-04-03,2000.4,187986.0,1990.0,2008.0,1965.9,1
2023-04-04,2038.2,233301.0,2001.3,2043.4,1994.0,1
2023-04-05,2035.6,197371.0,2038.2,2049.2,2026.1,1
2023-04-06,2026.4,149129.0,2037.1,2037.7,2016.5,1
2023-04-07,2026.4,0.0,2037.1,2037.7,2016.5,0
2023-04-08,2026.4,0.0,2037.1,2037.7,2016.5,0
2023-04-09,2026.4,0.0,2037.1,2037.7,2016.5,0
2023-04-10,2003.8,136231.0,2008.6,2021.5,1996.5,1
2023-04-11,2019.0,126376.0,2007.0,2022.5,2003.7,1
2023-04-12,2024.9,228494.0,2019.1,2043.9,2015.7,1
2023-04-13,2055.3,198461.0,2029.5,2063.4,2028.3,1
2023-04-14,2015.8,262825.0,2054.7,2061.6,2006.0,1
2023-04-15,2015.8,0.0,2054.7,2061.6,2006.0,0
2023-04-16,2015.8,0.0,2054.7,2061.6,2006.0,0
2023-04-17,2007.0,183425.0,2014.1,2028.0,1993.4,1
2023-04-18,2019.7,164975.0,2007.9,2024.6,2003.3,1
2023-04-19,2007.3,218808.0,2017.9,2020.3,1980.9,1
2023-04-20,2019.1,162840.0,2007.7,2024.2,2002.2,1
2023-04-21,1990.5,210502.0,2016.1,2016.8,1982.3,1
2023-04-22,1990.5,0.0,2016.1,2016.8,1982.3,0
2023-04-23,1990.5,0.0,2016.1,2016.8,1982.3,0
2023-04-24,1999.8,139878.0,1992.0,2001.5,1984.4,1
2023-04-25,2004.5,222551.0,1999.4,2014.5,1986.2,1
2023-04-26,1996.0,241399.0,2007.7,2020.2,1993.7,1
2023-04-27,1999.0,203898.0,1999.8,2013.3,1982.0,1
2023-04-28,1999.1,172445.0,1997.2,2004.1,1984.4,1
2023-04-29,1999.1,0.0,1997.2,2004.1,1984.4,0
2023-04-30,1999.1,0.0,1997.2,2004.1,1984.4,0
2023-05-01,1992.2,173016.0,2000.2,2015.4,1985.7,1
2023-05-02,2023.3,245637.0,1990.5,2028.8,1986.9,1
2023-05-03,2037.0,229674.0,2026.4,2050.0,2016.0,1
2023-05-04,2055.7,311003.0,2054.7,2085.4,2038.5,1
2023-05-05,2024.8,283299.0,2058.0,2061.3,2007.0,1
2023-05-06,2024.8,0.0,2058.0,2061.3,2007.0,0
2023-05-07,2024.8,0.0,2058.0,2061.3,2007.0,0
2023-05-08,2033.2,182213.0,2024.6,2037.1,2022.0,1
2023-05-09,2042.9,199701.0,2028.4,2045.1,2026.4,1
2023-05-10,2037.1,260807.0,2041.6,2056.0,2028.3,1
2023-05-11,2020.5,296976.0,2036.8,2047.6,2016.7,1
2023-05-12,2019.8,220500.0,2020.5,2027.8,2005.7,1
2023-05-13,2019.8,0.0,2020.5,2027.8,2005.7,0
2023-05-14,2019.8,0.0,2020.5,2027.8,2005.7,0
2023-05-15,2022.7,163251.0,2013.4,2027.5,2011.2,1
2023-05-16,1993.0,229938.0,2021.3,2022.7,1989.1,1
2023-05-17,1984.9,206552.0,1993.0,1997.0,1978.1,1
2023-05-18,1959.8,227733.0,1985.6,1988.8,1954.4,1
2023-05-19,1981.6,234604.0,1960.5,1987.4,1956.3,1
2023-05-20,1981.6,0.0,1960.5,1987.4,1956.3,0
2023-05-21,1981.6,0.0,1960.5,1987.4,1956.3,0
2023-05-22,1977.2,165768.0,1979.4,1984.8,1970.7,1
2023-05-23,1974.5,214358.0,1973.9,1980.0,1955.8,1
2023-05-24,1964.6,229885.0,1977.3,1987.9,1958.4,1
2023-05-25,1943.7,253875.0,1959.5,1965.4,1939.0,1
2023-05-26,1944.3,166036.0,1941.7,1957.1,1936.0,1
2023-05-27,1944.3,0.0,1941.7,1957.1,1936.0,0
2023-05-28,1944.3,0.0,1941.7,1957.1,1936.0,0
2023-05-29,1944.3,0.0,1941.7,1957.1,1936.0,0
2023-05-30,1977.1,264373.0,1961.3,1981.9,1949.6,1
2023-05-31,1982.1,207753.0,1977.5,1993.1,1971.8,1
2023-06-01,1995.5,176911.0,1981.3,2000.7,1970.1,1
2023-06-02,1969.6,209694.0,1994.6,2000.5,1963.7,1
2023-06-03,1969.6,0.0,1994.6,2000.5,1963.7,0
2023-06-04,1969.6,0.0,1994.6,2000.5,1963.7,0
2023-06-05,1974.3,179985.0,1962.3,1980.4,1953.8,1
2023-06-06,1981.5,135995.0,1978.0,1982.9,1970.3,1
2023-06-07,1958.4,189529.0,1980.0,1986.5,1955.4,1
2023-06-08,1978.6,191843.0,1956.2,1985.7,1955.2,1
2023-06-09,1977.2,130408.0,1980.5,1987.8,1971.0,1
2023-06-10,1977.2,0.0,1980.5,1987.8,1971.0,0
2023-06-11,1977.2,0.0,1980.5,1987.8,1971.0,0
2023-06-12,1969.7,122542.0,1975.6,1981.4,1963.1,1
2023-06-13,1958.6,198397.0,1971.4,1985.9,1953.0,1
2023-06-14,1968.9,199710.0,1957.2,1973.9,1952.5,1
2023-06-15,1970.7,266353.0,1955.7,1972.8,1936.1,1
2023-06-16,1971.2,160514.0,1970.3,1980.4,1965.4,1
2023-06-17,1971.2,0.0,1970.3,1980.4,1965.4,0
2023-06-18,1971.2,0.0,1970.3,1980.4,1965.4,0
2023-06-19,1971.2,0.0,1970.3,1980.4,1965.4,0
2023-06-20,1947.7,250140.0,1970.7,1971.8,1940.8,1
2023-06-21,1944.9,182021.0,1948.0,1950.4,1929.3,1
2023-06-22,1923.7,171779.0,1943.3,1945.1,1922.0,1
2023-06-23,1929.6,186861.0,1923.5,1949.0,1919.5,1
2023-06-24,1929.6,0.0,1923.5,1949.0,1919.5,0
2023-06-25,1929.6,0.0,1923.5,1949.0,1919.5,0
2023-06-26,1933.8,147769.0,1936.3,1943.4,1931.1,1
2023-06-27,1923.8,180436.0,1932.7,1940.3,1919.8,1
2023-06-28,1922.2,162493.0,1923.1,1926.1,1911.4,1
2023-06-29,1917.9,205252.0,1916.5,1921.3,1900.6,1
2023-06-30,1929.4,180688.0,1916.4,1930.8,1908.1,1
2023-07-01,1929.4,0.0,1916.4,1930.8,1908.1,0
2023-07-02,1929.4,0.0,1916.4,1930.8,1908.1,0
2023-07-03,1929.5,152959.0,1927.8,1939.9,1917.7,1
2023-07-04,1929.5,0.0,1927.8,1939.9,1917.7,0
2023-07-05,1927.1,245932.0,1929.1,1942.9,1922.1,1
2023-07-06,1915.4,231513.0,1922.4,1934.0,1908.5,1
2023-07-07,1932.5,214272.0,1916.6,1941.1,1915.4,1
2023-07-08,1932.5,0.0,1916.6,1941.1,1915.4,0
2023-07-09,1932.5,0.0,1916.6,1941.1,1915.4,0
2023-07-10,1931.0,208085.0,1930.7,1933.7,1918.0,1
2023-07-11,1937.1,189372.0,1930.8,1944.5,1929.8,1
2023-07-12,1961.7,270869.0,1938.0,1965.1,1937.5,1
2023-07-13,1963.8,241215.0,1962.7,1968.5,1956.6,1
2023-07-14,1964.4,209306.0,1965.2,1967.8,1954.7,1
2023-07-15,1964.4,0.0,1965.2,1967.8,1954.7,0
2023-07-16,1964.4,0.0,1965.2,1967.8,1954.7,0
2023-07-17,1956.4,165833.0,1958.6,1963.6,1949.0,1
2023-07-18,1980.8,264086.0,1958.3,1988.3,1958.1,1
2023-07-19,1980.8,159409.0,1982.5,1984.6,1973.3,1
2023-07-20,1970.9,189926.0,1980.0,1989.8,1967.7,1
2023-07-21,1966.6,156540.0,1972.1,1975.9,1958.8,1
2023-07-22,1966.6,0.0,1972.1,1975.9,1958.8,0
2023-07-23,1966.6,0.0,1972.1,1975.9,1958.8,0
2023-07-24,1962.2,197213.0,1963.6,1969.8,1955.3,1
2023-07-25,1963.7,188848.0,1957.0,1967.1,1951.6,1
2023-07-26,1970.1,208106.0,1966.3,1979.9,1963.2,1
2023-07-27,1945.7,194253.0,1973.3,1982.6,1941.7,1
2023-07-28,1999.9,159597.0,1985.3,2002.0,1983.9,1
2023-07-29,1999.9,0.0,1985.3,2002.0,1983.9,0
2023-07-30,1999.9,0.0,1985.3,2002.0,1983.9,0
2023-07-31,2009.2,139955.0,1997.9,2010.9,1986.7,1
2023-08-01,1978.8,167756.0,2004.2,2004.4,1978.3,1
2023-08-02,1975.0,169658.0,1988.9,1992.2,1969.1,1
2023-08-03,1968.8,141345.0,1970.8,1974.5,1964.5,1
2023-08-04,1976.1,156416.0,1969.6,1984.2,1954.5,1
2023-08-05,1976.1,0.0,1969.6,1984.2,1954.5,0
2023-08-06,1976.1,0.0,1969.6,1984.2,1954.5,0
2023-08-07,1970.0,104407.0,1977.6,1981.7,1966.1,1
2023-08-08,1959.9,142336.0,1971.5,1972.8,1956.5,1
2023-08-09,1950.6,139259.0,1959.3,1966.1,1947.2,1
2023-08-10,1948.9,168264.0,1947.7,1963.5,1944.4,1
2023-08-11,1946.6,122320.0,1944.9,1953.6,1942.7,1
2023-08-12,1946.6,0.0,1944.9,1953.6,1942.7,0
2023-08-13,1946.6,0.0,1944.9,1953.6,1942.7,0
2023-08-14,1944.0,120983.0,1945.6,1948.2,1934.2,1
2023-08-15,1935.2,167153.0,1939.4,1944.3,1927.5,1
2023-08-16,1928.3,128612.0,1933.1,1938.2,1922.0,1
2023-08-17,1915.2,152329.0,1922.4,1933.5,1914.2,1
2023-08-18,1916.5,114737.0,1919.2,1926.0,1915.9,1
2023-08-19,1916.5,0.0,1919.2,1926.0,1915.9,0
2023-08-20,1916.5,0.0,1919.2,1926.0,1915.9,0
2023-08-21,1923.0,138109.0,1918.4,1927.9,1913.6,1
2023-08-22,1926.0,131088.0,1924.0,1933.2,1917.5,1
2023-08-23,1948.1,170040.0,1926.8,1949.7,1926.2,1
2023-08-24,1947.1,137393.0,1944.9,1951.3,1939.2,1
2023-08-25,1939.9,166988.0,1944.9,1950.4,1931.0,1
2023-08-26,1939.9,0.0,1944.9,1950.4,1931.0,0
2023-08-27,1939.9,0.0,1944.9,1950.4,1931.0,0
2023-08-28,1946.8,115553.0,1944.0,1954.2,1940.1,1
2023-08-29,1965.1,174220.0,1948.1,1966.5,1941.7,1
2023-08-30,1973.0,142380.0,1966.0,1977.1,1962.8,1
2023-08-31,1965.9,133712.0,1970.2,1974.9,1965.5,1
2023-09-01,1967.1,160725.0,1966.4,1980.2,1960.7,1
2023-09-02,1967.1,0.0,1966.4,1980.2,1960.7,0
2023-09-03,1967.1,0.0,1966.4,1980.2,1960.7,0
2023-09-04,1967.1,0.0,1966.4,1980.2,1960.7,0
2023-09-05,1952.6,192789.0,1966.7,1972.6,1950.6,1
2023-09-06,1944.2,148775.0,1951.5,1954.5,1940.0,1
2023-09-07,1942.5,117168.0,1942.2,1947.9,1940.3,1
2023-09-08,1942.7,138694.0,1943.8,1954.0,1940.8,1
2023-09-09,1942.7,0.0,1943.8,1954.0,1940.8,0
2023-09-10,1942.7,0.0,1943.8,1954.0,1940.8,0
2023-09-11,1947.2,131076.0,1943.3,1954.6,1939.5,1
2023-09-12,1935.1,161993.0,1945.6,1947.5,1929.9,1
2023-09-13,1932.5,161003.0,1935.2,1938.4,1927.2,1
2023-09-14,1932.8,201744.0,1930.7,1934.5,1921.7,1
2023-09-15,1946.2,199773.0,1932.5,1952.4,1931.2,1
2023-09-16,1946.2,0.0,1932.5,1952.4,1931.2,0
2023-09-17,1946.2,0.0,1932.5,1952.4,1931.2,0
2023-09-18,1953.4,138031.0,1945.7,1955.7,1943.8,1
2023-09-19,1953.7,131097.0,1955.3,1958.9,1950.9,1
2023-09-20,1967.1,220980.0,1953.0,1968.9,1948.6,1
2023-09-21,1939.6,225908.0,1952.0,1952.2,1933.1,1
2023-09-22,1945.6,139926.0,1939.6,1949.1,1939.6,1
2023-09-23,1945.6,0.0,1939.6,1949.1,1939.6,0
2023-09-24,1945.6,0.0,1939.6,1949.1,1939.6,0
2023-09-25,1936.6,164259.0,1944.7,1946.8,1933.8,1
2023-09-26,1919.8,212263.0,1935.1,1935.5,1917.2,1
2023-09-27,1890.9,238525.0,1918.8,1921.7,1890.3,1
2023-09-28,1878.6,231419.0,1893.3,1896.8,1874.5,1
2023-09-29,1866.1,245131.0,1882.3,1896.7,1862.3,1
2023-09-30,1866.1,0.0,1882.3,1896.7,1862.3,0
2023-10-01,1866.1,0.0,1882.3,1896.7,1862.3,0
2023-10-02,1847.2,202147.0,1864.4,1864.7,1842.7,1
2023-10-03,1841.5,216784.0,1844.9,1849.3,1830.9,1
2023-10-04,1834.8,195048.0,1838.7,1846.8,1831.6,1
2023-10-05,1831.8,172464.0,1837.6,1843.5,1826.2,1
2023-10-06,1845.2,231024.0,1834.3,1849.0,1823.5,1
2023-10-07,1845.2,0.0,1834.3,1849.0,1823.5,0
2023-10-08,1845.2,0.0,1834.3,1849.0,1823.5,0
2023-10-09,1864.3,187802.0,1861.0,1877.3,1857.5,1
2023-10-10,1875.3,157340.0,1875.4,1879.1,1866.1,1
2023-10-11,1887.3,169964.0,1873.7,1890.9,1871.7,1
2023-10-12,1883.0,163475.0,1888.1,1898.3,1880.6,1
2023-10-13,1941.5,312994.0,1881.7,1946.2,1881.5,1
2023-10-14,1941.5,0.0,1881.7,1946.2,1881.5,0
2023-10-15,1941.5,0.0,1881.7,1946.2,1881.5,0
2023-10-16,1934.3,182823.0,1941.3,1943.0,1921.2,1
2023-10-17,1935.7,165063.0,1933.3,1944.5,1924.6,1
2023-10-18,1968.3,270045.0,1936.7,1975.8,1935.9,1
2023-10-19,1980.5,264821.0,1960.1,1990.2,1957.0,1
2023-10-20,1994.4,289109.0,1988.0,2009.2,1983.7,1
2023-10-21,1994.4,0.0,1988.0,2009.2,1983.7,0
2023-10-22,1994.4,0.0,1988.0,2009.2,1983.7,0
2023-10-23,1987.8,212290.0,1987.7,1994.3,1971.0,1
2023-10-24,1986.1,200943.0,1984.1,1992.0,1964.6,1
2023-10-25,1994.9,240655.0,1982.7,1998.6,1973.6,1
2023-10-26,1997.4,214053.0,1991.2,2003.7,1981.6,1
2023-10-27,1998.5,213757.0,1995.0,2019.7,1986.4,1
2023-10-28,1998.5,0.0,1995.0,2019.7,1986.4,0
2023-10-29,1998.5,0.0,1995.0,2019.7,1986.4,0
2023-10-30,2005.6,181339.0,2013.5,2016.8,1999.7,1
2023-10-31,1994.3,214776.0,2005.6,2017.7,1987.4,1
2023-11-01,1987.5,197629.0,1993.3,2005.9,1978.2,1
2023-11-02,1993.5,158650.0,1992.0,1999.2,1986.3,1
2023-11-03,1999.2,222189.0,1993.5,2011.9,1989.3,1
2023-11-04,1999.2,0.0,1993.5,2011.9,1989.3,0
2023-11-05,1999.2,0.0,1993.5,2011.9,1989.3,0
2023-11-06,1988.6,146279.0,1999.4,2000.1,1984.2,1
2023-11-07,1973.5,218948.0,1984.8,1985.2,1962.8,1
2023-11-08,1957.8,189359.0,1975.3,1977.5,1953.2,1
2023-11-09,1969.8,214077.0,1955.5,1971.5,1948.3,1
2023-11-10,1937.7,229637.0,1964.1,1965.6,1936.9,1
2023-11-11,1937.7,0.0,1964.1,1965.6,1936.9,0
2023-11-12,1937.7,0.0,1964.1,1965.6,1936.9,0
2023-11-13,1950.2,183702.0,1943.4,1953.5,1935.6,1
2023-11-14,1966.5,180741.0,1950.3,1975.3,1938.8,1
2023-11-15,1964.3,142924.0,1966.9,1979.2,1958.8,1
2023-11-16,1987.3,186810.0,1963.0,1991.1,1959.0,1
2023-11-17,1984.7,133120.0,1984.2,1996.4,1981.1,1
2023-11-18,1984.7,0.0,1984.2,1996.4,1981.1,0
2023-11-19,1984.7,0.0,1984.2,1996.4,1981.1,0
2023-11-20,1980.3,177887.0,1980.9,1987.8,1967.2,1
2023-11-21,2001.6,230024.0,1980.0,2009.8,1979.9,1
2023-11-22,1992.8,199370.0,2000.3,2008.3,1988.6,1
2023-11-23,1992.8,0.0,2000.3,2008.3,1988.6,0
2023-11-24,2003.0,214880.0,1991.2,2004.5,1990.9,1
2023-11-25,2003.0,0.0,1991.2,2004.5,1990.9,0
2023-11-26,2003.0,0.0,1991.2,2004.5,1990.9,0
2023-11-27,2012.4,251250.0,2002.5,2018.9,2001.4,1
2023-11-28,2040.0,174665.0,2014.3,2044.1,2011.5,1
2023-11-29,2067.1,197789.0,2062.0,2072.7,2055.9,1
2023-11-30,2057.2,151918.0,2065.4,2067.4,2051.2,1
2023-12-01,2089.7,241615.0,2056.5,2095.7,2052.6,1
2023-12-02,2089.7,0.0,2056.5,2095.7,2052.6,0
2023-12-03,2089.7,0.0,2056.5,2095.7,2052.6,0
2023-12-04,2042.2,378224.0,2094.4,2152.3,2038.4,1
2023-12-05,2036.3,209549.0,2049.0,2059.6,2027.6,1
2023-12-06,2047.9,154219.0,2037.8,2053.4,2035.3,1
2023-12-07,2046.4,173977.0,2043.4,2057.2,2036.6,1
2023-12-08,2014.5,237289.0,2045.7,2050.4,2010.6,1
2023-12-09,2014.5,0.0,2045.7,2050.4,2010.6,0
2023-12-10,2014.5,0.0,2045.7,2050.4,2010.6,0
2023-12-11,1993.7,160072.0,2020.0,2023.7,1991.2,1
2023-12-12,1993.2,148532.0,1997.8,2012.5,1992.3,1
2023-12-13,1997.3,192679.0,1995.1,2043.3,1987.9,1
2023-12-14,2044.9,231095.0,2043.2,2062.9,2039.1,1
2023-12-15,2035.7,172147.0,2051.3,2059.6,2029.2,1
2023-12-16,2035.7,0.0,2051.3,2059.6,2029.2,0
2023-12-17,2035.7,0.0,2051.3,2059.6,2029.2,0
2023-12-18,2040.5,141406.0,2033.3,2048.0,2029.5,1
2023-12-19,2052.1,134781.0,2041.1,2061.0,2034.8,1
2023-12-20,2047.7,122567.0,2053.8,2056.9,2040.6,1
2023-12-21,2051.3,119952.0,2044.4,2058.0,2043.3,1
2023-12-22,2069.1,170150.0,2061.2,2083.0,2058.2,1
2023-12-23,2069.1,0.0,2061.2,2083.0,2058.2,0
2023-12-24,2069.1,0.0,2061.2,2083.0,2058.2,0
2023-12-25,2069.1,0.0,2061.2,2083.0,2058.2,0
2023-12-26,2069.8,79573.0,2066.0,2080.5,2065.1,1
2023-12-27,2093.1,128179.0,2079.3,2095.8,2072.8,1
2023-12-28,2083.5,129544.0,2089.5,2098.2,2074.6,1
2023-12-29,2071.8,105724.0,2076.1,2084.1,2067.6,1
2023-12-30,2071.8,0.0,2076.1,2084.1,2067.6,0
2023-12-31,2071.8,0.0,2076.1,2084.1,2067.6,0
2024-01-01,2071.8,0.0,2076.1,2084.1,2067.6,0
2024-01-02,2073.4,157555.0,2072.7,2088.1,2064.3,1
2024-01-03,2042.8,221680.0,2067.9,2074.3,2038.3,1
2024-01-04,2050.0,130263.0,2049.3,2058.1,2043.3,1
2024-01-05,2049.8,214684.0,2051.4,2071.1,2030.8,1
2024-01-06,2049.8,0.0,2051.4,2071.1,2030.8,0
2024-01-07,2049.8,0.0,2051.4,2071.1,2030.8,0
2024-01-08,2033.5,220988.0,2052.6,2053.3,2022.7,1
2024-01-09,2033.0,218745.0,2034.5,2048.6,2031.9,1
2024-01-10,2027.8,205007.0,2036.0,2046.2,2025.9,1
2024-01-11,2019.2,301337.0,2029.4,2056.1,2017.3,1
2024-01-12,2051.6,272352.0,2033.2,2067.3,2033.1,1
2024-01-13,2051.6,0.0,2033.2,2067.3,2033.1,0
2024-01-14,2051.6,0.0,2033.2,2067.3,2033.1,0
2024-01-15,2051.6,0.0,2033.2,2067.3,2033.1,0
2024-01-16,2030.2,285254.0,2053.4,2062.8,2027.6,1
2024-01-17,2006.5,254292.0,2031.7,2036.1,2004.6,1
2024-01-18,2021.6,171928.0,2009.1,2025.6,2007.7,1
2024-01-19,2029.3,172805.0,2027.4,2041.9,2022.2,1
2024-01-20,2029.3,0.0,2027.4,2041.9,2022.2,0
2024-01-21,2029.3,0.0,2027.4,2041.9,2022.2,0
2024-01-22,2022.2,152756.0,2031.8,2034.1,2017.4,1
2024-01-23,2025.8,156699.0,2023.2,2039.3,2020.8,1
2024-01-24,2016.0,234459.0,2030.7,2037.9,2011.7,1
2024-01-25,2017.8,196670.0,2014.8,2025.6,2004.0,1
2024-01-26,2017.3,119588.0,2021.0,2028.1,2015.6,1
2024-01-27,2017.3,0.0,2021.0,2028.1,2015.6,0
2024-01-28,2017.3,0.0,2021.0,2028.1,2015.6,0
2024-01-29,2025.4,150708.0,2024.4,2037.2,2018.8,1
2024-01-30,2050.9,214593.0,2051.5,2068.0,2047.1,1
2024-01-31,2067.4,238373.0,2055.3,2074.6,2048.8,1
2024-02-01,2071.1,260921.0,2057.9,2083.2,2046.4,1
2024-02-02,2053.7,219800.0,2072.0,2074.7,2044.2,1
2024-02-03,2053.7,0.0,2072.0,2074.7,2044.2,0
2024-02-04,2053.7,0.0,2072.0,2074.7,2044.2,0
2024-02-05,2042.9,170431.0,2057.9,2059.1,2030.8,1
2024-02-06,2051.4,126384.0,2041.4,2055.3,2038.8,1
2024-02-07,2051.7,125631.0,2052.6,2061.3,2046.4,1
2024-02-08,2047.9,137076.0,2051.0,2053.8,2034.6,1
2024-02-09,2038.7,116031.0,2049.7,2051.9,2034.3,1
2024-02-10,2038.7,0.0,2049.7,2051.9,2034.3,0
2024-02-11,2038.7,0.0,2049.7,2051.9,2034.3,0
2024-02-12,2033.0,116025.0,2038.2,2041.8,2025.4,1
2024-02-13,2007.2,217571.0,2033.7,2047.3,2002.8,1
2024-02-14,2004.3,193607.0,2006.3,2008.8,1996.4,1
2024-02-15,2014.9,204249.0,2004.8,2020.2,2001.8,1
2024-02-16,2024.1,162356.0,2016.1,2027.2,2006.6,1
2024-02-17,2024.1,0.0,2016.1,2027.2,2006.6,0
2024-02-18,2024.1,0.0,2016.1,2027.2,2006.6,0
2024-02-19,2024.1,0.0,2016.1,2027.2,2006.6,0
2024-02-20,2039.8,202432.0,2027.7,2042.7,2023.9,1
2024-02-21,2034.3,120599.0,2036.2,2043.5,2030.9,1
2024-02-22,2030.7,147947.0,2036.5,2045.5,2029.3,1
2024-02-23,2049.4,212029.0,2034.1,2053.2,2025.4,1
2024-02-24,2049.4,0.0,2034.1,2053.2,2025.4,0
2024-02-25,2049.4,0.0,2034.1,2053.2,2025.4,0
2024-02-26,2038.9,129021.0,2044.2,2046.8,2034.1,1
2024-02-27,2044.1,148780.0,2041.2,2049.1,2038.1,1
2024-02-28,2042.7,137077.0,2039.7,2047.4,2033.4,1
2024-02-29,2054.7,227074.0,2043.8,2059.4,2036.0,1
2024-03-01,2095.7,330592.0,2052.8,2097.1,2047.0,1
2024-03-02,2095.7,0.0,2052.8,2097.1,2047.0,0
2024-03-03,2095.7,0.0,2052.8,2097.1,2047.0,0
2024-03-04,2126.3,328253.0,2091.6,2128.4,2088.1,1
2024-03-05,2141.9,283148.0,2123.3,2150.5,2118.5,1
2024-03-06,2158.2,319763.0,2136.4,2160.7,2131.9,1
2024-03-07,2165.2,267795.0,2156.7,2172.2,2151.7,1
2024-03-08,2185.5,389682.0,2166.6,2203.0,2161.2,1
2024-03-09,2185.5,0.0,2166.6,2203.0,2161.2,0
2024-03-10,2185.5,0.0,2166.6,2203.0,2161.2,0
2024-03-11,2188.6,242418.0,2187.6,2195.5,2180.9,1
2024-03-12,2166.1,316254.0,2189.1,2190.8,2156.2,1
2024-03-13,2180.8,232273.0,2163.6,2185.6,2161.3,1
2024-03-14,2167.5,207225.0,2179.5,2181.3,2157.0,1
2024-03-15,2161.5,187847.0,2166.2,2176.9,2158.7,1
2024-03-16,2161.5,0.0,2166.2,2176.9,2158.7,0
2024-03-17,2161.5,0.0,2166.2,2176.9,2158.7,0
2024-03-18,2164.3,211858.0,2159.9,2167.2,2149.2,1
2024-03-19,2159.7,178162.0,2164.0,2166.3,2150.2,1
2024-03-20,2161.0,233572.0,2161.4,2192.2,2152.3,1
2024-03-21,2184.7,391750.0,2190.2,2225.3,2168.2,1
2024-03-22,2160.0,205808.0,2183.4,2188.0,2158.4,1
2024-03-23,2160.0,0.0,2183.4,2188.0,2158.4,0
2024-03-24,2160.0,0.0,2183.4,2188.0,2158.4,0
2024-03-25,2176.4,211610.0,2166.6,2182.5,2164.4,1
2024-03-26,2177.2,202373.0,2173.0,2200.6,2168.3,1
2024-03-27,2212.7,191456.0,2200.5,2218.3,2193.7,1
2024-03-28,2238.4,250248.0,2215.7,2256.9,2207.5,1
2024-03-29,2238.4,0.0,2215.7,2256.9,2207.5,0
2024-03-30,2238.4,0.0,2215.7,2256.9,2207.5,0
2024-03-31,2238.4,0.0,2215.7,2256.9,2207.5,0
2024-04-01,2257.1,220767.0,2259.2,2286.4,2249.1,1
2024-04-02,2281.8,277228.0,2272.7,2301.9,2267.1,1
2024-04-03,2315.0,254574.0,2301.7,2321.8,2285.7,1
2024-04-04,2308.5,236227.0,2321.0,2325.3,2298.7,1
2024-04-05,2345.4,293212.0,2309.5,2350.0,2286.2,1
2024-04-06,2345.4,0.0,2309.5,2350.0,2286.2,0
2024-04-07,2345.4,0.0,2309.5,2350.0,2286.2,0
2024-04-08,2351.0,285570.0,2343.6,2372.5,2321.7,1
2024-04-09,2362.4,279608.0,2358.1,2384.5,2355.7,1
2024-04-10,2348.4,353847.0,2372.4,2378.1,2337.1,1
2024-04-11,2372.7,260415.0,2351.7,2395.6,2343.1,1
2024-04-12,2374.1,479894.0,2389.4,2448.8,2350.6,1
2024-04-13,2374.1,0.0,2389.4,2448.8,2350.6,0
2024-04-14,2374.1,0.0,2389.4,2448.8,2350.6,0
2024-04-15,2383.0,343730.0,2369.4,2404.3,2340.2,1
2024-04-16,2407.8,297592.0,2399.1,2414.8,2379.2,1
2024-04-17,2388.4,284352.0,2398.0,2412.0,2370.7,1
2024-04-18,2398.0,200546.0,2377.9,2408.0,2377.2,1
2024-04-19,2413.8,275405.0,2394.0,2433.3,2386.8,1
2024-04-20,2413.8,0.0,2394.0,2433.3,2386.8,0
2024-04-21,2413.8,0.0,2394.0,2433.3,2386.8,0
2024-04-22,2346.4,262673.0,2403.7,2404.3,2338.2,1
2024-04-23,2342.1,270225.0,2342.3,2347.9,2304.6,1
2024-04-24,2338.4,187699.0,2335.7,2350.9,2324.8,1
2024-04-25,2342.5,224471.0,2327.4,2357.6,2316.4,1
2024-04-26,2347.2,171011.0,2344.2,2364.4,2338.0,1
2024-04-27,2347.2,0.0,2344.2,2364.4,2338.0,0
2024-04-28,2347.2,0.0,2344.2,2364.4,2338.0,0
2024-04-29,2357.7,187309.0,2347.6,2358.9,2331.0,1
2024-04-30,2302.9,229064.0,2347.0,2347.6,2296.2,1
2024-05-01,2311.0,227384.0,2298.2,2339.5,2291.7,1
2024-05-02,2309.6,193658.0,2329.9,2336.1,2294.3,1
2024-05-03,2308.6,231400.0,2313.5,2330.7,2285.2,1
2024-05-04,2308.6,0.0,2313.5,2330.7,2285.2,0
2024-05-05,2308.6,0.0,2313.5,2330.7,2285.2,0
2024-05-06,2331.2,191895.0,2312.8,2341.9,2300.6,1
2024-05-07,2324.2,204623.0,2334.8,2338.7,2318.2,1
2024-05-08,2322.3,214693.0,2322.0,2329.6,2311.4,1
2024-05-09,2340.3,249092.0,2316.5,2354.2,2312.9,1
2024-05-10,2375.0,275241.0,2353.5,2385.3,2352.0,1
2024-05-11,2375.0,0.0,2353.5,2385.3,2352.0,0
2024-05-12,2375.0,0.0,2353.5,2385.3,2352.0,0
2024-05-13,2343.0,243075.0,2369.1,2370.8,2337.6,1
2024-05-14,2359.9,192076.0,2342.3,2365.2,2340.5,1
2024-05-15,2394.9,249843.0,2362.9,2396.1,2357.1,1
2024-05-16,2385.5,191026.0,2391.5,2402.7,2375.2,1
2024-05-17,2417.4,218553.0,2381.4,2427.4,2377.8,1
2024-05-18,2417.4,0.0,2381.4,2427.4,2377.8,0
2024-05-19,2417.4,0.0,2381.4,2427.4,2377.8,0
2024-05-20,2438.5,281430.0,2422.2,2454.2,2411.1,1
2024-05-21,2425.9,229421.0,2431.5,2438.2,2408.5,1
2024-05-22,2392.9,253852.0,2425.4,2430.5,2378.0,1
2024-05-23,2337.2,273658.0,2383.0,2385.7,2328.1,1
2024-05-24,2334.5,178343.0,2330.4,2349.0,2326.3,1
2024-05-25,2334.5,0.0,2330.4,2349.0,2326.3,0
2024-05-26,2334.5,0.0,2330.4,2349.0,2326.3,0
2024-05-27,2334.5,0.0,2330.4,2349.0,2326.3,0
2024-05-28,2356.5,316223.0,2338.0,2365.5,2333.8,1
2024-05-29,2341.2,119317.0,2362.5,2363.7,2334.2,1
2024-05-30,2366.5,188892.0,2361.0,2373.7,2343.3,1
2024-05-31,2345.8,183406.0,2364.5,2381.2,2341.1,1
2024-06-01,2345.8,0.0,2364.5,2381.2,2341.1,0
2024-06-02,2345.8,0.0,2364.5,2381.2,2341.1,0
2024-06-03,2369.3,173149.0,2348.0,2375.5,2334.8,1
2024-06-04,2347.4,171547.0,2371.3,2373.1,2335.1,1
2024-06-05,2375.5,171862.0,2347.1,2377.6,2345.3,1
2024-06-06,2390.9,172202.0,2375.3,2397.8,2372.2,1
2024-06-07,2325.0,314551.0,2395.7,2406.7,2304.2,1
2024-06-08,2325.0,0.0,2395.7,2406.7,2304.2,0
2024-06-09,2325.0,0.0,2395.7,2406.7,2304.2,0
2024-06-10,2327.0,142888.0,2311.0,2331.3,2304.5,1
2024-06-11,2326.6,145501.0,2329.5,2337.3,2314.5,1
2024-06-12,2354.8,241670.0,2334.0,2358.8,2327.2,1
2024-06-13,2318.0,182657.0,2340.9,2342.4,2310.9,1
2024-06-14,2349.1,163367.0,2319.6,2352.3,2316.7,1
2024-06-15,2349.1,0.0,2319.6,2352.3,2316.7,0
2024-06-16,2349.1,0.0,2319.6,2352.3,2316.7,0
2024-06-17,2329.0,122702.0,2348.5,2348.7,2324.3,1
2024-06-18,2346.9,154251.0,2333.7,2348.2,2320.2,1
2024-06-19,2346.9,0.0,2333.7,2348.2,2320.2,0
2024-06-20,2369.0,252687.0,2344.2,2379.5,2338.5,1
2024-06-21,2331.2,194824.0,2373.8,2382.6,2329.2,1
2024-06-22,2331.2,0.0,2373.8,2382.6,2329.2,0
2024-06-23,2331.2,0.0,2373.8,2382.6,2329.2,0
2024-06-24,2344.4,117625.0,2333.5,2347.5,2329.5,1
2024-06-25,2330.8,144271.0,2346.8,2349.7,2327.1,1
2024-06-26,2313.2,191628.0,2331.8,2335.8,2304.7,1
2024-06-27,2336.6,140228.0,2309.4,2342.0,2306.8,1
2024-06-28,2339.6,135383.0,2338.6,2350.6,2329.7,1
2024-06-29,2339.6,0.0,2338.6,2350.6,2329.7,0
2024-06-30,2339.6,0.0,2338.6,2350.6,2329.7,0
2024-07-01,2338.9,142601.0,2336.2,2348.8,2328.2,1
2024-07-02,2333.4,153709.0,2341.6,2346.1,2327.4,1
2024-07-03,2369.4,193642.0,2338.6,2374.5,2335.7,1
2024-07-04,2369.4,0.0,2338.6,2374.5,2335.7,0
2024-07-05,2397.7,293254.0,2365.8,2401.5,2356.0,1
2024-07-06,2397.7,0.0,2365.8,2401.5,2356.0,0
2024-07-07,2397.7,0.0,2365.8,2401.5,2356.0,0
2024-07-08,2363.5,240781.0,2396.2,2399.3,2358.3,1
2024-07-09,2367.9,252489.0,2366.5,2378.3,2356.0,1
2024-07-10,2379.7,163900.0,2371.0,2393.4,2369.7,1
2024-07-11,2421.9,303520.0,2377.4,2430.4,2376.8,1
2024-07-12,2420.7,220933.0,2421.0,2423.2,2396.1,1
2024-07-13,2420.7,0.0,2421.0,2423.2,2396.1,0
2024-07-14,2420.7,0.0,2421.0,2423.2,2396.1,0
2024-07-15,2428.9,193535.0,2419.3,2445.0,2406.1,1
2024-07-16,2467.8,246085.0,2427.1,2474.5,2424.5,1
2024-07-17,2459.9,259540.0,2473.2,2488.4,2455.5,1
2024-07-18,2456.4,192770.0,2462.5,2478.5,2442.9,1
2024-07-19,2399.1,254408.0,2448.0,2448.4,2395.7,1
2024-07-20,2399.1,0.0,2448.0,2448.4,2395.7,0
2024-07-21,2399.1,0.0,2448.0,2448.4,2395.7,0
2024-07-22,2394.7,197562.0,2403.7,2414.4,2385.2,1
2024-07-23,2407.3,171191.0,2398.0,2413.5,2389.2,1
2024-07-24,2415.7,245884.0,2410.7,2433.0,2397.0,1
2024-07-25,2353.5,294897.0,2398.1,2400.8,2351.9,1
2024-07-26,2381.0,154523.0,2363.8,2389.7,2354.6,1
2024-07-27,2381.0,0.0,2363.8,2389.7,2354.6,0
2024-07-28,2381.0,0.0,2363.8,2389.7,2354.6,0
2024-07-29,2377.8,126409.0,2386.9,2402.1,2367.3,1
2024-07-30,2451.9,172970.0,2429.0,2458.3,2421.5,1
2024-07-31,2473.0,176268.0,2455.6,2496.6,2449.2,1
2024-08-01,2480.8,219834.0,2493.4,2506.6,2474.0,1
2024-08-02,2469.8,309937.0,2490.8,2522.5,2453.1,1
2024-08-03,2469.8,0.0,2490.8,2522.5,2453.1,0
2024-08-04,2469.8,0.0,2490.8,2522.5,2453.1,0
2024-08-05,2444.4,352229.0,2490.3,2500.8,2403.8,1
2024-08-06,2431.6,186107.0,2451.7,2459.5,2421.8,1
2024-08-07,2432.4,166078.0,2432.6,2447.3,2418.8,1
2024-08-08,2463.3,178509.0,2422.8,2467.9,2420.2,1
2024-08-09,2473.4,152173.0,2467.3,2476.5,2456.1,1
2024-08-10,2473.4,0.0,2467.3,2476.5,2456.1,0
2024-08-11,2473.4,0.0,2467.3,2476.5,2456.1,0
2024-08-12,2504.0,171204.0,2470.1,2513.4,2462.7,1
2024-08-13,2507.8,155078.0,2512.6,2517.3,2498.2,1
2024-08-14,2479.7,187384.0,2506.3,2519.7,2476.2,1
2024-08-15,2492.4,169322.0,2486.2,2508.0,2469.2,1
2024-08-16,2537.8,223934.0,2494.4,2548.3,2488.2,1
2024-08-17,2537.8,0.0,2494.4,2548.3,2488.2,0
2024-08-18,2537.8,0.0,2494.4,2548.3,2488.2,0
2024-08-19,2541.3,155994.0,2549.7,2549.9,2523.7,1
2024-08-20,2550.6,191196.0,2542.4,2570.4,2535.1,1
2024-08-21,2547.5,148894.0,2552.2,2558.0,2528.2,1
2024-08-22,2516.7,177369.0,2549.9,2551.4,2506.4,1
2024-08-23,2546.3,164613.0,2521.1,2554.5,2519.8,1
2024-08-24,2546.3,0.0,2521.1,2554.5,2519.8,0
2024-08-25,2546.3,0.0,2521.1,2554.5,2519.8,0
2024-08-26,2555.2,127485.0,2545.1,2563.2,2544.0,1
2024-08-27,2552.9,146222.0,2553.8,2561.4,2538.5,1
2024-08-28,2537.8,165123.0,2559.8,2564.3,2527.8,1
2024-08-29,2560.3,159965.0,2539.2,2562.2,2536.5,1
2024-08-30,2527.6,175644.0,2553.6,2560.1,2526.6,1
2024-08-31,2527.6,0.0,2553.6,2560.1,2526.6,0
2024-09-01,2527.6,0.0,2553.6,2560.1,2526.6,0
2024-09-02,2527.6,0.0,2553.6,2560.1,2526.6,0
2024-09-03,2523.0,273539.0,2536.0,2539.5,2504.4,1
2024-09-04,2526.0,167957.0,2524.6,2531.5,2502.7,1
2024-09-05,2543.1,152709.0,2526.4,2554.0,2523.7,1
2024-09-06,2524.6,228117.0,2547.1,2559.8,2513.9,1
2024-09-07,2524.6,0.0,2547.1,2559.8,2513.9,0
2024-09-08,2524.6,0.0,2547.1,2559.8,2513.9,0
2024-09-09,2532.7,140583.0,2526.5,2536.5,2514.2,1
2024-09-10,2543.1,156108.0,2536.0,2547.5,2528.9,1
2024-09-11,2542.4,194085.0,2545.7,2558.0,2529.0,1
2024-09-12,2580.6,233679.0,2540.6,2588.5,2538.7,1
2024-09-13,2610.7,174674.0,2587.5,2614.6,2585.0,1
2024-09-14,2610.7,0.0,2587.5,2614.6,2585.0,0
2024-09-15,2610.7,0.0,2587.5,2614.6,2585.0,0
2024-09-16,2608.9,127576.0,2608.0,2617.4,2602.5,1
2024-09-17,2592.4,159525.0,2609.8,2613.7,2587.3,1
2024-09-18,2598.6,233128.0,2596.0,2627.2,2572.5,1
2024-09-19,2614.6,204475.0,2585.1,2620.5,2575.3,1
2024-09-20,2646.2,207209.0,2611.2,2651.0,2608.7,1
2024-09-21,2646.2,0.0,2611.2,2651.0,2608.7,0
2024-09-22,2646.2,0.0,2611.2,2651.0,2608.7,0
2024-09-23,2652.5,170494.0,2646.2,2659.8,2638.6,1
2024-09-24,2677.0,216553.0,2653.3,2689.4,2647.1,1
2024-09-25,2684.7,189943.0,2682.8,2694.9,2673.4,1
2024-09-26,2694.9,217643.0,2681.2,2708.7,2677.5,1
2024-09-27,2668.1,196732.0,2695.1,2696.9,2665.3,1
2024-09-28,2668.1,0.0,2695.1,2696.9,2665.3,0
2024-09-29,2668.1,0.0,2695.1,2696.9,2665.3,0
2024-09-30,2659.4,173252.0,2680.5,2687.7,2646.2,1
2024-10-01,2690.3,202756.0,2656.1,2694.7,2653.8,1
2024-10-02,2669.7,128680.0,2684.6,2684.8,2662.1,1
2024-10-03,2679.2,138551.0,2679.9,2683.4,2657.8,1
2024-10-04,2667.8,192656.0,2675.7,2690.6,2651.6,1
2024-10-05,2667.8,0.0,2675.7,2690.6,2651.6,0
2024-10-06,2667.8,0.0,2675.7,2690.6,2651.6,0
2024-10-07,2666.0,130705.0,2671.7,2679.2,2657.3,1
2024-10-08,2635.4,233849.0,2662.8,2672.4,2623.4,1
2024-10-09,2626.0,143000.0,2640.7,2642.9,2622.8,1
2024-10-10,2639.3,195581.0,2625.8,2648.9,2618.8,1
2024-10-11,2676.3,168597.0,2647.4,2679.0,2645.3,1
2024-10-12,2676.3,0.0,2647.4,2679.0,2645.3,0
2024-10-13,2676.3,0.0,2647.4,2679.0,2645.3,0
2024-10-14,2665.6,123361.0,2673.1,2684.2,2660.0,1
2024-10-15,2678.9,160564.0,2663.5,2685.9,2654.4,1
2024-10-16,2691.3,156877.0,2679.5,2702.5,2674.9,1
2024-10-17,2707.5,181816.0,2690.4,2712.7,2688.2,1
2024-10-18,2730.0,178959.0,2707.8,2737.8,2707.3,1
2024-10-19,2730.0,0.0,2707.8,2737.8,2707.3,0
2024-10-20,2730.0,0.0,2707.8,2737.8,2707.3,0
2024-10-21,2738.9,210450.0,2736.3,2755.4,2728.5,1
2024-10-22,2759.8,173695.0,2734.7,2763.3,2733.5,1
2024-10-23,2729.4,214515.0,2762.6,2772.6,2722.1,1
2024-10-24,2748.9,175872.0,2729.2,2756.3,2728.7,1
2024-10-25,2754.6,153487.0,2748.6,2760.9,2729.1,1
2024-10-26,2754.6,0.0,2748.6,2760.9,2729.1,0
2024-10-27,2754.6,0.0,2748.6,2760.9,2729.1,0
2024-10-28,2755.9,161907.0,2749.2,2758.3,2736.9,1
2024-10-29,2781.1,207424.0,2754.3,2787.7,2752.0,1
2024-10-30,2800.8,191549.0,2786.9,2801.8,2782.4,1
2024-10-31,2749.3,242571.0,2799.1,2801.2,2741.8,1
2024-11-01,2749.2,180660.0,2754.0,2772.4,2742.6,1
2024-11-02,2749.2,0.0,2754.0,2772.4,2742.6,0
2024-11-03,2749.2,0.0,2754.0,2772.4,2742.6,0
2024-11-04,2746.2,145248.0,2743.5,2757.5,2739.4,1
2024-11-05,2749.7,151434.0,2746.0,2759.5,2733.4,1
2024-11-06,2676.3,361313.0,2752.6,2758.8,2660.7,1
2024-11-07,2705.8,292924.0,2667.7,2718.3,2650.3,1
2024-11-08,2694.8,233110.0,2713.6,2717.8,2687.3,1
2024-11-09,2694.8,0.0,2713.6,2717.8,2687.3,0
2024-11-10,2694.8,0.0,2713.6,2717.8,2687.3,0
2024-11-11,2617.7,281919.0,2692.1,2693.4,2617.1,1
2024-11-12,2606.3,282766.0,2625.7,2633.4,2595.7,1
2024-11-13,2586.5,262752.0,2604.7,2625.0,2578.1,1
2024-11-14,2572.9,266162.0,2578.1,2585.8,2541.5,1
2024-11-15,2570.1,179892.0,2570.4,2580.8,2558.9,1
2024-11-16,2570.1,0.0,2570.4,2580.8,2558.9,0
2024-11-17,2570.1,0.0,2570.4,2580.8,2558.9,0
2024-11-18,2614.6,195294.0,2571.5,2619.5,2568.5,1
2024-11-19,2631.0,202241.0,2616.3,2643.4,2614.2,1
2024-11-20,2651.7,182012.0,2635.8,2659.0,2621.9,1
2024-11-21,2674.9,186297.0,2653.5,2676.5,2651.6,1
2024-11-22,2712.2,220554.0,2672.0,2718.5,2670.1,1
2024-11-23,2712.2,0.0,2672.0,2718.5,2670.1,0
2024-11-24,2712.2,0.0,2672.0,2718.5,2670.1,0
2024-11-25,2618.5,305339.0,2716.9,2723.2,2616.6,1
2024-11-26,2621.3,177858.0,2626.2,2642.7,2605.3,1
2024-11-27,2664.8,169463.0,2658.3,2683.4,2652.2,1
2024-11-28,2664.8,0.0,2658.3,2683.4,2652.2,0
2024-11-29,2681.0,180756.0,2660.6,2690.5,2644.1,1
2024-11-30,2681.0,0.0,2660.6,2690.5,2644.1,0
2024-12-01,2681.0,0.0,2660.6,2690.5,2644.1,0
2024-12-02,2658.5,163543.0,2673.8,2678.5,2644.5,1
2024-12-03,2667.9,140965.0,2662.0,2678.4,2656.6,1
2024-12-04,2676.2,171792.0,2665.8,2682.0,2654.2,1
2024-12-05,2648.4,156116.0,2674.2,2680.0,2646.3,1
2024-12-06,2659.6,167166.0,2655.0,2667.9,2635.6,1
2024-12-07,2659.6,0.0,2655.0,2667.9,2635.6,0
2024-12-08,2659.6,0.0,2655.0,2667.9,2635.6,0
2024-12-09,2685.8,182150.0,2665.0,2700.0,2649.7,1
2024-12-10,2718.4,181509.0,2684.4,2721.7,2680.7,1
2024-12-11,2756.7,264985.0,2721.2,2759.7,2719.1,1
2024-12-12,2709.4,219468.0,2753.6,2761.3,2696.7,1
2024-12-13,2675.8,178685.0,2704.9,2716.4,2663.3,1
2024-12-14,2675.8,0.0,2704.9,2716.4,2663.3,0
2024-12-15,2675.8,0.0,2704.9,2716.4,2663.3,0
2024-12-16,2670.0,115996.0,2668.0,2683.4,2661.4,1
2024-12-17,2662.0,147053.0,2670.2,2675.8,2646.1,1
2024-12-18,2653.3,156334.0,2663.3,2667.6,2598.1,1
2024-12-19,2608.1,191587.0,2600.6,2640.9,2596.7,1
2024-12-20,2645.1,153567.0,2609.7,2653.8,2603.7,1
2024-12-21,2645.1,0.0,2609.7,2653.8,2603.7,0
2024-12-22,2645.1,0.0,2609.7,2653.8,2603.7,0
2024-12-23,2628.2,105131.0,2639.1,2646.8,2623.2,1
2024-12-24,2635.5,53366.0,2629.4,2635.8,2624.2,1
2024-12-25,2635.5,0.0,2629.4,2635.8,2624.2,0
2024-12-26,2653.9,79265.0,2638.0,2655.7,2634.1,1
2024-12-27,2631.9,93897.0,2653.7,2654.6,2625.2,1
2024-12-28,2631.9,0.0,2653.7,2654.6,2625.2,0
2024-12-29,2631.9,0.0,2653.7,2654.6,2625.2,0
2024-12-30,2618.1,110915.0,2636.1,2640.7,2608.4,1
2024-12-31,2641.0,86292.0,2620.0,2642.0,2614.3,1
2025-01-01,2641.0,0.0,2620.0,2642.0,2614.3,0
2025-01-02,2669.0,144517.0,2641.0,2674.2,2636.1,1
2025-01-03,2654.7,121173.0,2671.1,2681.0,2649.7,1
2025-01-04,2654.7,0.0,2671.1,2681.0,2649.7,0
2025-01-05,2654.7,0.0,2671.1,2681.0,2649.7,0
2025-01-06,2647.4,169923.0,2652.8,2663.8,2624.6,1
2025-01-07,2665.4,161617.0,2647.1,2678.5,2643.5,1
2025-01-08,2672.4,197370.0,2662.9,2687.0,2658.4,1
2025-01-09,2690.8,156645.0,2679.9,2696.8,2673.7,1
2025-01-10,2715.0,298408.0,2692.9,2735.0,2686.9,1
2025-01-11,2715.0,0.0,2692.9,2735.0,2686.9,0
2025-01-12,2715.0,0.0,2692.9,2735.0,2686.9,0
2025-01-13,2678.6,211094.0,2716.8,2723.8,2675.2,1
2025-01-14,2682.3,179414.0,2682.0,2693.7,2672.0,1
2025-01-15,2717.8,193720.0,2693.3,2722.7,2685.4,1
2025-01-16,2750.9,186543.0,2722.3,2757.9,2720.4,1
2025-01-17,2748.7,156868.0,2746.8,2759.2,2729.2,1
2025-01-18,2748.7,0.0,2746.8,2759.2,2729.2,0
2025-01-19,2748.7,0.0,2746.8,2759.2,2729.2,0
2025-01-20,2748.7,0.0,2746.8,2759.2,2729.2,0
2025-01-21,2759.2,294121.0,2739.6,2762.0,2715.6,1
2025-01-22,2770.9,158141.0,2758.7,2774.4,2756.2,1
2025-01-23,2765.0,194742.0,2765.9,2767.1,2741.0,1
2025-01-24,2778.9,199562.0,2761.8,2794.8,2761.0,1
2025-01-25,2778.9,0.0,2761.8,2794.8,2761.0,0
2025-01-26,2778.9,0.0,2761.8,2794.8,2761.0,0
2025-01-27,2738.4,215514.0,2778.1,2778.1,2732.0,1
2025-01-28,2767.5,171359.0,2742.4,2774.0,2737.4,1
2025-01-29,2769.8,125692.0,2771.6,2778.1,2761.0,1
2025-01-30,2845.2,188341.0,2796.2,2853.2,2794.9,1
2025-01-31,2835.0,165676.0,2851.9,2862.9,2826.0,1
2025-02-01,2835.0,0.0,2851.9,2862.9,2826.0,0
2025-02-02,2835.0,0.0,2851.9,2862.9,2826.0,0
2025-02-03,2857.1,181344.0,2846.5,2872.0,2802.2,1
2025-02-04,2875.8,145862.0,2850.4,2877.1,2837.4,1
2025-02-05,2893.0,167383.0,2873.7,2906.0,2870.1,1
2025-02-06,2876.7,167701.0,2885.0,2894.2,2855.0,1
2025-02-07,2887.6,192551.0,2880.2,2910.6,2876.1,1
2025-02-08,2887.6,0.0,2880.2,2910.6,2876.1,0
2025-02-09,2887.6,0.0,2880.2,2910.6,2876.1,0
2025-02-10,2934.4,167232.0,2884.8,2938.1,2879.9,1
2025-02-11,2932.6,218478.0,2937.0,2968.5,2907.0,1
2025-02-12,2928.7,204625.0,2927.0,2936.5,2886.5,1
2025-02-13,2945.4,169496.0,2928.8,2958.8,2925.8,1
2025-02-14,2900.7,228078.0,2957.3,2964.1,2889.9,1
2025-02-15,2900.7,0.0,2957.3,2964.1,2889.9,0
2025-02-16,2900.7,0.0,2957.3,2964.1,2889.9,0
2025-02-17,2900.7,0.0,2957.3,2964.1,2889.9,0
2025-02-18,2949.0,218757.0,2895.1,2956.5,2887.6,1
2025-02-19,2936.1,159341.0,2954.1,2964.4,2933.7,1
2025-02-20,2956.1,172197.0,2949.5,2973.4,2939.3,1
2025-02-21,2953.2,163686.0,2955.7,2964.7,2930.1,1
2025-02-22,2953.2,0.0,2955.7,2964.7,2930.1,0
2025-02-23,2953.2,0.0,2955.7,2964.7,2930.1,0
2025-02-24,2963.2,162775.0,2950.4,2974.0,2936.8,1
2025-02-25,2918.8,234850.0,2968.5,2970.4,2897.0,1
2025-02-26,2930.6,163371.0,2929.0,2942.0,2903.3,1
2025-02-27,2895.9,207650.0,2931.4,2935.8,2879.0,1
2025-02-28,2848.5,210560.0,2889.0,2896.1,2844.1,1
2025-03-01,2848.5,0.0,2889.0,2896.1,2844.1,0
2025-03-02,2848.5,0.0,2889.0,2896.1,2844.1,0
2025-03-03,2901.1,177018.0,2872.0,2906.4,2866.3,1
2025-03-04,2920.6,188515.0,2904.2,2939.8,2892.5,1
2025-03-05,2926.0,183016.0,2929.0,2941.3,2903.4,1
2025-03-06,2926.6,166364.0,2929.5,2935.9,2897.6,1
2025-03-07,2914.1,237577.0,2919.2,2938.8,2905.3,1
2025-03-08,2914.1,0.0,2919.2,2938.8,2905.3,0
2025-03-09,2914.1,0.0,2919.2,2938.8,2905.3,0
2025-03-10,2899.4,221609.0,2919.6,2926.4,2885.2,1
2025-03-11,2920.9,194119.0,2893.2,2929.0,2882.5,1
2025-03-12,2946.8,209823.0,2922.3,2948.9,2911.0,1
2025-03-13,2991.3,256564.0,2943.3,3001.5,2942.2,1
2025-03-14,3001.1,181492.0,3001.4,3017.1,2988.6,1
2025-03-15,3001.1,0.0,3001.4,3017.1,2988.6,0
2025-03-16,3001.1,0.0,3001.4,3017.1,2988.6,0
2025-03-17,3006.1,142155.0,2994.8,3010.9,2991.4,1
2025-03-18,3040.8,177098.0,3009.4,3047.5,3008.2,1
2025-03-19,3041.2,145404.0,3041.4,3061.6,3031.3,1
2025-03-20,3043.8,141231.0,3058.0,3065.2,3032.8,1
2025-03-21,3021.4,190470.0,3052.6,3055.0,3004.1,1
2025-03-22,3021.4,0.0,3052.6,3055.0,3004.1,0
2025-03-23,3021.4,0.0,3052.6,3055.0,3004.1,0
2025-03-24,3015.6,202822.0,3027.6,3038.4,3007.7,1
2025-03-25,3025.9,172592.0,3017.5,3042.4,3010.8,1
2025-03-26,3022.5,172002.0,3025.8,3036.1,3017.8,1
2025-03-27,3061.0,124359.0,3025.6,3071.3,3022.3,1
2025-03-28,3114.3,210491.0,3099.3,3124.4,3096.3,1
2025-03-29,3114.3,0.0,3099.3,3124.4,3096.3,0
2025-03-30,3114.3,0.0,3099.3,3124.4,3096.3,0
2025-03-31,3150.3,228393.0,3118.8,3162.0,3112.4,1
2025-04-01,3146.0,197314.0,3157.3,3177.0,3130.5,1
2025-04-02,3166.2,223124.0,3147.5,3201.6,3135.7,1
2025-04-03,3121.7,382860.0,3196.6,3196.6,3073.5,1
2025-04-04,3035.4,341150.0,3138.0,3160.2,3032.7,1
2025-04-05,3035.4,0.0,3138.0,3160.2,3032.7,0
2025-04-06,3035.4,0.0,3138.0,3160.2,3032.7,0
2025-04-07,2973.6,328515.0,3055.1,3084.4,2970.4,1
2025-04-08,2990.2,197577.0,2997.5,3037.9,2988.6,1
2025-04-09,3079.4,298325.0,2998.3,3118.5,2983.3,1
2025-04-10,3177.5,234973.0,3099.1,3195.0,3086.1,1
2025-04-11,3244.6,247317.0,3194.2,3263.0,3193.4,1
2025-04-12,3244.6,0.0,3194.2,3263.0,3193.4,0
2025-04-13,3244.6,0.0,3194.2,3263.0,3193.4,0
2025-04-14,3226.3,189619.0,3246.0,3261.6,3208.7,1
2025-04-15,3240.4,123474.0,3226.1,3250.9,3225.5,1
2025-04-16,3346.4,258376.0,3248.4,3358.4,3245.2,1
2025-04-17,3328.4,242065.0,3357.5,3371.9,3296.4,1
2025-04-18,3328.4,0.0,3357.5,3371.9,3296.4,0
2025-04-19,3328.4,0.0,3357.5,3371.9,3296.4,0
2025-04-20,3328.4,0.0,3357.5,3371.9,3296.4,0
2025-04-21,3425.3,243457.0,3347.0,3442.3,3344.0,1
2025-04-22,3419.4,423078.0,3435.1,3509.9,3379.1,1
2025-04-23,3294.1,377411.0,3367.7,3396.0,3270.8,1
2025-04-24,3348.6,239603.0,3301.8,3377.0,3301.3,1
2025-04-25,3298.4,241249.0,3362.0,3384.1,3274.8,1
2025-04-26,3298.4,0.0,3362.0,3384.1,3274.8,0
2025-04-27,3298.4,0.0,3362.0,3384.1,3274.8,0
2025-04-28,3347.7,217995.0,3336.5,3363.8,3278.0,1
2025-04-29,3333.6,170152.0,3354.9,3359.3,3309.2,1
2025-04-30,3319.1,207722.0,3324.5,3337.6,3275.6,1
2025-05-01,3222.2,214691.0,3299.0,3300.6,3209.4,1
2025-05-02,3243.3,210994.0,3247.6,3277.0,3229.5,1
2025-05-03,3243.3,0.0,3247.6,3277.0,3229.5,0
2025-05-04,3243.3,0.0,3247.6,3277.0,3229.5,0
2025-05-05,3322.3,184904.0,3247.1,3346.7,3243.1,1
2025-05-06,3422.8,268098.0,3345.7,3444.5,3332.1,1
2025-05-07,3391.9,304244.0,3448.1,3448.2,3367.0,1
2025-05-08,3306.0,327126.0,3373.1,3422.0,3293.3,1
2025-05-09,3344.0,232464.0,3310.2,3352.7,3278.9,1
2025-05-10,3344.0,0.0,3310.2,3352.7,3278.9,0
2025-05-11,3344.0,0.0,3310.2,3352.7,3278.9,0
2025-05-12,3228.0,308534.0,3281.0,3295.5,3211.2,1
2025-05-13,3247.8,214423.0,3240.7,3270.4,3220.1,1
2025-05-14,3188.3,233929.0,3254.1,3261.3,3170.7,1
2025-05-15,3226.6,253064.0,3180.8,3244.3,3123.3,1
2025-05-16,3187.2,245486.0,3243.5,3255.8,3156.4,1
2025-05-17,3187.2,0.0,3243.5,3255.8,3156.4,0
2025-05-18,3187.2,0.0,3243.5,3255.8,3156.4,0
2025-05-19,3233.5,185135.0,3220.0,3252.9,3209.1,1
2025-05-20,3284.6,224088.0,3233.0,3298.5,3207.4,1
2025-05-21,3313.5,229503.0,3293.0,3327.2,3287.0,1
2025-05-22,3295.0,234658.0,3318.0,3346.8,3277.8,1
2025-05-23,3365.8,247200.0,3295.1,3366.5,3285.5,1
2025-05-24,3365.8,0.0,3295.1,3366.5,3285.5,0
2025-05-25,3365.8,0.0,3295.1,3366.5,3285.5,0
2025-05-26,3365.8,0.0,3295.1,3366.5,3285.5,0
2025-05-27,3300.4,297309.0,3355.6,3356.0,3283.0,1
2025-05-28,3294.9,127758.0,3300.9,3324.5,3273.5,1
2025-05-29,3343.9,227943.0,3311.8,3356.3,3269.1,1
2025-05-30,3315.4,184770.0,3343.2,3347.0,3294.8,1
2025-05-31,3315.4,0.0,3343.2,3347.0,3294.8,0
2025-06-01,3315.4,0.0,3343.2,3347.0,3294.8,0
2025-06-02,3397.2,180995.0,3323.0,3408.1,3319.4,1
2025-06-03,3377.1,168220.0,3406.5,3417.8,3357.2,1
2025-06-04,3399.2,167220.0,3377.8,3409.7,3366.9,1
2025-06-05,3375.1,224859.0,3398.0,3427.7,3362.3,1
2025-06-06,3346.6,185366.0,3377.4,3398.3,3328.8,1
2025-06-07,3346.6,0.0,3377.4,3398.3,3328.8,0
2025-06-08,3346.6,0.0,3377.4,3398.3,3328.8,0
2025-06-09,3354.9,142005.0,3333.4,3359.0,3313.1,1
2025-06-10,3343.4,158897.0,3346.3,3370.4,3321.3,1
2025-06-11,3343.7,201534.0,3344.3,3382.3,3335.4,1
2025-06-12,3402.4,230166.0,3377.5,3419.8,3358.5,1
2025-06-13,3452.8,270627.0,3406.7,3468.0,3399.6,1
2025-06-14,3452.8,0.0,3406.7,3468.0,3399.6,0
2025-06-15,3452.8,0.0,3406.7,3468.0,3399.6,0
2025-06-16,3417.3,192505.0,3473.0,3476.3,3400.9,1
2025-06-17,3406.9,209083.0,3404.2,3422.7,3384.4,1
2025-06-18,3408.1,178282.0,3409.0,3419.0,3380.1,1
2025-06-19,3408.1,0.0,3409.0,3419.0,3380.1,0
2025-06-20,3385.7,280833.0,3387.1,3405.2,3356.2,1
2025-06-21,3385.7,0.0,3387.1,3405.2,3356.2,0
2025-06-22,3385.7,0.0,3387.1,3405.2,3356.2,0
2025-06-23,3395.0,193872.0,3400.7,3413.8,3361.4,1
2025-06-24,3333.9,227429.0,3383.8,3385.0,3308.3,1
2025-06-25,3343.1,130010.0,3338.1,3351.3,3325.5,1
2025-06-26,3348.0,155584.0,3347.5,3363.9,3322.5,1
2025-06-27,3287.6,218869.0,3341.3,3341.4,3266.5,1
2025-06-28,3287.6,0.0,3341.3,3341.4,3266.5,0
2025-06-29,3287.6,0.0,3341.3,3341.4,3266.5,0
2025-06-30,3307.7,144201.0,3284.3,3321.6,3250.5,1
2025-07-01,3349.8,168854.0,3315.7,3370.5,3313.7,1
