DATE,ret_true,sigma_lstm_wf,gk_vol_actual,shape,VaR_ret_95,VaR_ret_99,viol_95,viol_99
2022-01-03,0.005762497,0.00706344,0.006186043,8.195933,-0.01138501473909612,-0.01768757447619091,0,0
2022-01-04,-0.00036571667,0.0068231975,0.0064620697,8.265491,-0.011001028690036082,-0.017075864973571504,0,0
2022-01-05,-0.019363783,0.006729143,0.008638585,8.160969,-0.01084454904309339,-0.016855537391832057,1,1
2022-01-06,-0.0010660982,0.006995059,0.0080839,7.2326293,-0.011218077346954913,-0.017678546519495904,0,0
2022-01-07,-0.0042222342,0.0070965663,0.0069747576,7.123908,-0.011372793061316937,-0.017956127327143988,0,0
2022-01-10,-0.0011789927,0.0070353067,0.016614271,6.9758267,-0.011263073266416889,-0.017830435126154863,0,0
2022-01-11,0.0091276085,0.006956311,0.010839752,7.0404606,-0.011141682967301428,-0.01761744785146391,0,0
2022-01-12,0.0023882193,0.0071230647,0.006471696,7.342129,-0.0114311425483138,-0.01798133363541712,0,0
2022-01-13,-0.013716757,0.007171793,0.0109671,7.363493,-0.011510828664502627,-0.01810033709761497,1,0
2022-01-14,0.00059096894,0.007401318,0.009303108,7.451891,-0.011885416411807424,-0.018662728901695468,0,0
2022-01-18,-0.018101513,0.0074186553,0.0114238085,7.3444724,-0.01190567857083059,-0.018727063017137693,1,0
2022-01-19,-0.010334873,0.0077913166,0.011109728,6.668181,-0.01244385321901668,-0.019817781845691836,0,0
2022-01-20,-0.011001334,0.008096941,0.023462562,7.0754256,-0.012971716925798574,-0.020498242182954273,0,0
2022-01-21,-0.019121258,0.008466626,0.01424319,7.57697,-0.013605734989723867,-0.02132229819710242,1,0
2022-01-24,0.0031272236,0.009244318,0.035095066,8.206373,-0.014900871208929274,-0.023146645340316938,0,0
2022-01-25,-0.012510517,0.009791696,0.019793717,9.107139,-0.0158351510108354,-0.024345734225873064,0,0
2022-01-26,-0.0017260232,0.010130665,0.024141645,10.302752,-0.01642296905729353,-0.02504290973242436,0,0
2022-01-27,-0.0054854774,0.010493005,0.025549112,10.049522,-0.0170103611633499,-0.025938606937856015,0,0
2022-01-28,0.024140287,0.01079533,0.023705536,10.184022,-0.017500466198642792,-0.026685953907543917,0,0
2022-01-31,0.018146675,0.010509152,0.013839379,8.905646,-0.016984409824971538,-0.026167701268377516,0,0
2022-02-01,0.006803688,0.0100012645,0.011266878,8.660896,-0.016149856481012616,-0.024949273634496505,0,0
2022-02-02,0.009273297,0.009376641,0.007077817,8.770387,-0.015147118642321447,-0.023371417870621584,0,0
2022-02-03,-0.02393371,0.009030627,0.008441929,8.397188,-0.014567889743857835,-0.022575427318999773,1,1
2022-02-04,0.0052446695,0.009818668,0.014395354,8.371882,-0.01583752633366804,-0.02455054870608914,0,0
2022-02-07,-0.0037354042,0.0097256955,0.007602334,8.111682,-0.015670338599436597,-0.024371909995362696,0,0
2022-02-08,0.008177388,0.009583369,0.009874161,8.271888,-0.015451659900404717,-0.023982225525911206,0,0
2022-02-09,0.014356287,0.009223967,0.006808479,8.561801,-0.014889250194934306,-0.02302812623531152,0,0
2022-02-10,-0.017685924,0.009174177,0.012177775,9.03856,-0.014833298701289625,-0.022821521655657144,1,0
2022-02-11,-0.019760383,0.009629624,0.016334744,9.375885,-0.015585510528834261,-0.023898423627926872,1,0
2022-02-14,-0.0035213304,0.010648827,0.011650509,9.995941,-0.01726280178108306,-0.026324433721973614,0,0
2022-02-15,0.015917253,0.011072181,0.009524022,10.381424,-0.01794927296945578,-0.02737032635016135,0,0
2022-02-16,0.0012311826,0.010670477,0.009678362,10.962486,-0.01729806486622262,-0.026377317979421666,0,0
2022-02-17,-0.02159618,0.01027809,0.011675964,11.381083,-0.016661960861353155,-0.025407341410702198,1,0
2022-02-18,-0.007111753,0.011013785,0.013963175,11.6509695,-0.01785460734088707,-0.02722597347567569,0,0
2022-02-22,-0.010065452,0.01142873,0.022853067,12.369239,-0.01852727987357852,-0.02825171233305921,0,0
2022-02-23,-0.018306073,0.011563148,0.017774988,11.951322,-0.0187451870450207,-0.02858399266589287,0,0
2022-02-24,0.014578203,0.01212943,0.030106924,12.290946,-0.01966319483300677,-0.029983836146568982,0,0
2022-02-25,0.022161571,0.012053907,0.019941658,13.17257,-0.019540763523393758,-0.02979714418944692,0,0
2022-02-28,-0.0027434858,0.011723251,0.0196207,14.794937,-0.019004731766120598,-0.028979764891935367,0,0
2022-03-01,-0.014818503,0.012066397,0.01803507,14.578156,-0.0195610109149754,-0.02982801885029096,0,0
2022-03-02,0.017961452,0.013278062,0.016730048,14.428886,-0.02152525940830263,-0.03282324447233514,0,0
2022-03-03,-0.0051481635,0.013060625,0.0123818,14.183635,-0.021172767428340573,-0.03228573966399033,0,0
2022-03-04,-0.007367788,0.01316262,0.014164938,14.092148,-0.021338114092982488,-0.03253787200271297,0,0
2022-03-07,-0.030204918,0.013744952,0.016786285,14.13844,-0.022282140496545005,-0.03397739051650705,1,0
2022-03-08,-0.007111088,0.014952098,0.022750646,12.287894,-0.024239063130808928,-0.03696144514830003,0,0
2022-03-09,0.025226349,0.014829199,0.016554842,12.260054,-0.024039828460048377,-0.03665763797080249,0,0
2022-03-10,-0.0042191683,0.014567797,0.0121294325,11.963861,-0.023616066336913325,-0.036011455385871007,0,0
2022-03-11,-0.0131818075,0.014145276,0.021194331,12.22976,-0.02293111201838211,-0.03496698838907096,0,0
2022-03-14,-0.007046067,0.014254284,0.014343059,12.387569,-0.023107827268459818,-0.03523645635437005,0,0
2022-03-15,0.01940541,0.014572412,0.01896964,12.528977,-0.023623547490684883,-0.03602286318052385,0,0
2022-03-16,0.022259949,0.014345988,0.01542654,13.136791,-0.023256488191894187,-0.03546314508972101,0,0
2022-03-17,0.011998087,0.013323045,0.012754351,12.769742,-0.021598182089729766,-0.03293444215663055,0,0
2022-03-18,0.011631321,0.01283513,0.01296528,13.128077,-0.020807215501011517,-0.03172832012025992,0,0
2022-03-21,-0.0002807175,0.012172656,0.009165275,13.0785885,-0.019733269882120593,-0.03009069155884739,0,0
2022-03-22,0.011778304,0.0118209645,0.011052804,12.722407,-0.019163137432497927,-0.029221313103489126,0,0
2022-03-23,-0.012845751,0.011485079,0.007612301,13.024182,-0.018618628609737228,-0.028391007374401183,0,0
2022-03-24,0.014509183,0.01126692,0.007154818,13.360471,-0.01826496685550539,-0.027851718811161424,0,0
2022-03-25,0.005304466,0.010944714,0.0066016247,12.991947,-0.0177426347922778,-0.02705522978021179,0,0
2022-03-28,0.006919683,0.010511875,0.00864411,13.070541,-0.01704095253289005,-0.025985254831017875,0,0
2022-03-29,0.0125090005,0.010144898,0.0068160472,13.118995,-0.01644604044938506,-0.025078090629832975,0,0
2022-03-30,-0.0063981134,0.009571453,0.0073569035,13.46723,-0.015516421005985052,-0.023660540872212626,0,0
2022-03-31,-0.014298871,0.009341722,0.009951601,12.889313,-0.01514400066378766,-0.023092647881631487,0,0
2022-04-01,0.0018743115,0.009510855,0.008467863,13.431808,-0.015418185287112453,-0.02351074407045017,0,0
2022-04-04,0.0084458105,0.009202365,0.0060674055,12.653802,-0.014918087374940584,-0.022748159252309018,0,0
2022-04-05,-0.012640309,0.0087076295,0.010001368,13.093156,-0.014116064478189009,-0.021525177772126092,0,0
2022-04-06,-0.009893366,0.009008402,0.011299956,13.816504,-0.014603651038430645,-0.022268684392170036,0,0
2022-04-07,0.0045697805,0.009165485,0.010945088,14.122792,-0.014858300600248614,-0.02265699213163915,0,0
2022-04-08,-0.0028397245,0.00899917,0.007871593,13.769099,-0.01458868535491561,-0.022245863654942584,0,0
2022-04-11,-0.016756086,0.00888311,0.008397994,13.738436,-0.014400539063921611,-0.021958964826514202,1,0
2022-04-12,-0.0036355413,0.00926145,0.0143719,14.3961735,-0.01501387045021434,-0.02289421608890212,0,0
2022-04-13,0.01114864,0.009692325,0.008307946,14.266978,-0.01571236916808287,-0.023959336547862448,0,0
2022-04-14,-0.012401416,0.009349082,0.008746325,14.140034,-0.015155931348547896,-0.023110840637183442,0,0
2022-04-18,-0.00017095478,0.009376075,0.008178588,14.688544,-0.015199690696556441,-0.023177567999227704,0,0
2022-04-19,0.016391957,0.009265073,0.012680531,14.378241,-0.015019742953366699,-0.02290317089882929,0,0
2022-04-20,-0.0008413024,0.0088898055,0.007912603,14.741446,-0.014411392813639824,-0.02197551539502001,0,0
2022-04-21,-0.014696172,0.008600291,0.017406939,14.098761,-0.013942055913597014,-0.0212598371531099,1,0
2022-04-22,-0.028473524,0.008863582,0.016713012,14.255811,-0.014368880887255192,-0.021910690190071518,1,1
2022-04-25,0.0059579615,0.009763859,0.016133567,12.147371,-0.015828333803485858,-0.024136167660824985,0,0
2022-04-26,-0.028891621,0.009881404,0.021257052,12.421977,-0.0160188871624578,-0.024426736957478764,1,1
2022-04-27,0.0023351207,0.010755662,0.0139818955,12.499032,-0.017436158997551854,-0.026587893719617662,0,0
2022-04-28,0.02439938,0.011227264,0.01732893,12.6753025,-0.01820067991024596,-0.02775368951076582,0,0
2022-04-29,-0.037098534,0.011015932,0.020877821,12.905866,-0.01785808796793512,-0.027231280983025453,1,1
2022-05-02,0.005677372,0.01165212,0.018849924,12.490656,-0.018889420381283856,-0.028803929901836247,0,0
2022-05-03,0.0043868944,0.011730995,0.010769565,12.681667,-0.019017285317699813,-0.028998907439054762,0,0
2022-05-04,0.029773597,0.011263105,0.019715654,12.605179,-0.01825878207495056,-0.02784228781847009,0,0
2022-05-05,-0.036029257,0.01032614,0.026170203,13.151691,-0.016739854661430395,-0.025526119409810918,1,1
2022-05-06,-0.0057487073,0.011532703,0.015175061,13.204259,-0.018695832023557117,-0.02850873262350697,0,0
2022-05-09,-0.03256733,0.0118307965,0.016596306,13.12734,-0.01917907539592551,-0.0292456164421877,1,1
2022-05-10,0.0023170628,0.012730654,0.019835325,13.243034,-0.02063784805381458,-0.03147005660670356,0,0
2022-05-11,-0.016778493,0.012646653,0.020395428,13.04337,-0.0205016714745351,-0.031262404886075616,0,0
2022-05-12,-0.0007636017,0.012540785,0.019213255,12.893827,-0.020330047190110598,-0.03100069998681284,0,0
2022-05-13,0.023280276,0.012426959,0.014018995,12.29461,-0.020145523316985228,-0.030719324878448757,0,0
2022-05-16,-0.0037385551,0.011927117,0.010837225,11.800811,-0.019335220849103354,-0.029483718120113266,0,0
2022-05-17,0.019779371,0.011421553,0.009546988,11.8272505,-0.018515644586361155,-0.02823397002066255,0,0
2022-05-18,-0.04046759,0.011097133,0.020956647,11.854224,-0.01798972386498412,-0.027432008748866362,1,1
2022-05-19,-0.006393475,0.012084449,0.015583385,11.705635,-0.019590275527551552,-0.02987264361019535,0,0
2022-05-20,0.0004488762,0.0118119065,0.02589106,11.248099,-0.019148451954652132,-0.02919891964376898,0,0
2022-05-23,0.018358463,0.011781732,0.009545333,11.085713,-0.01909953580953797,-0.029124328831213794,0,0
2022-05-24,-0.007899185,0.011702591,0.0148022575,11.062409,-0.018971238748716434,-0.02892869236000811,0,0
2022-05-25,0.009157284,0.0116810175,0.014465104,11.093057,-0.018936267055611935,-0.028875365038343512,0,0
2022-05-26,0.019670725,0.011469463,0.015117522,11.444395,-0.01859331219631985,-0.02835240310901236,0,0
2022-05-27,0.024357291,0.011255508,0.014477967,12.138999,-0.018246468217377566,-0.027823510773796703,0,0
2022-05-31,-0.005912893,0.01083258,0.016195074,13.034358,-0.01756085220835031,-0.026778034784328806,0,0
2022-06-01,-0.007836984,0.010544149,0.014907192,13.3861065,-0.0170932733456841,-0.026065037322682894,0,0
2022-06-02,0.018431196,0.0103675565,0.014113293,13.772037,-0.016806995990946975,-0.02562850127806707,0,0
2022-06-03,-0.016481401,0.010133578,0.011629327,14.566279,-0.016427690354021654,-0.02505010910102634,1,0
2022-06-06,0.0032816802,0.010095588,0.010793032,14.665897,-0.016366104186297085,-0.02495619813805053,0,0
2022-06-07,0.009240033,0.009911739,0.014060282,15.050697,-0.016068064945395654,-0.024501726733971493,0,0
2022-06-08,-0.010818757,0.009555994,0.0075636297,15.663469,-0.015491359478447524,-0.023622325274917796,0,0
2022-06-09,-0.02404716,0.009783161,0.016475022,16.342035,-0.015859623999213153,-0.02418388117379422,1,0
2022-06-10,-0.02962852,0.010136362,0.01348316,16.99052,-0.016432204028476786,-0.025056991872439177,1,1
2022-06-13,-0.038830947,0.010661594,0.018213686,17.542004,-0.017283664658003947,-0.026355359519091487,1,1
2022-06-14,-0.0027367102,0.0118688075,0.018316574,17.45139,-0.019240695323369264,-0.029339578884381257,0,0
2022-06-15,0.014136622,0.012018326,0.02075899,17.390429,-0.01948308166719302,-0.029709186798003606,0,0
2022-06-16,-0.032756872,0.011652042,0.029286897,17.571667,-0.01888929378233691,-0.028803736854769692,1,1
2022-06-17,0.00122499,0.012098449,0.014307666,18.296658,-0.019612972186760117,-0.02990725308828697,0,0
2022-06-21,0.024720812,0.012030967,0.018550638,16.908731,-0.019503573816738756,-0.029740434683176314,0,0
2022-06-22,-0.0013279333,0.011894981,0.021163285,16.964392,-0.019283126226427853,-0.029404280539207156,0,0
2022-06-23,0.009785202,0.011542998,0.011662077,16.513199,-0.018712521140736585,-0.02853418137480043,0,0
2022-06-24,0.030199287,0.011427154,0.014138101,16.53292,-0.01852472426283616,-0.02824781535627573,0,0
2022-06-27,-0.0031969338,0.011250472,0.009849791,17.672802,-0.018238303429292498,-0.027811060524984478,0,0
2022-06-28,-0.020248452,0.010910107,0.018838942,17.272072,-0.01768653289093495,-0.02696968161615906,1,0
2022-06-29,-0.0011115834,0.01105515,0.00708098,17.99659,-0.01792166427110569,-0.027328226645887476,0,0
2022-06-30,-0.00834351,0.011096323,0.014682637,18.167225,-0.0179884106119078,-0.027430006207295986,0,0
2022-07-01,0.009912445,0.011162979,0.014874444,18.500435,-0.018096467033091528,-0.027594778313501177,0,0
2022-07-05,0.001762115,0.010959563,0.021144573,18.757608,-0.017766705472057224,-0.027091934462465734,0,0
2022-07-06,0.0037098548,0.010905286,0.012080581,18.338274,-0.01767871751594345,-0.026957764177250522,0,0
2022-07-07,0.0146392835,0.01074037,0.012462714,18.450838,-0.01741136923575377,-0.0265500925300257,0,0
2022-07-08,-0.00096076867,0.010583599,0.009779999,19.463577,-0.017157226069723586,-0.0261625569788228,0,0
2022-07-11,-0.011472154,0.010296615,0.00614076,18.78856,-0.016691991819554823,-0.025453134748849453,0,0
2022-07-12,-0.008593244,0.0104250545,0.01167238,18.70096,-0.01690020657561878,-0.025770635398267818,0,0
2022-07-13,-0.00504704,0.01046355,0.022193914,19.250885,-0.0169626114165336,-0.025865794732274003,0,0
2022-07-14,-0.0029614053,0.010567737,0.01548958,19.339592,-0.017131511291619817,-0.026123345258664558,0,0
2022-07-15,0.01873851,0.010603939,0.012073054,19.190947,-0.01719019918745229,-0.02621283673079675,0,0
2022-07-18,-0.008118246,0.010232867,0.014650349,20.548943,-0.01658864825516942,-0.025295549141441807,0,0
2022-07-19,0.026702568,0.010306486,0.013370607,20.428194,-0.01670799392644886,-0.02547753589806175,0,0
2022-07-20,0.006329135,0.010216351,0.0095404945,17.914616,-0.01656187342188322,-0.025254720973846293,0,0
2022-07-21,0.009731673,0.009951652,0.011036206,16.25741,-0.016132767135201065,-0.02460038922874539,0,0
2022-07-22,-0.009100957,0.009704277,0.012788957,16.144676,-0.015731743870923562,-0.023988880470927718,0,0
2022-07-25,0.0012602396,0.009532776,0.0076112715,16.69692,-0.015453720767527353,-0.02356493109505115,0,0
2022-07-26,-0.011845702,0.0093627,0.0072707445,15.729743,-0.015178008516909406,-0.023144505471629395,0,0
2022-07-27,0.025480287,0.009429721,0.012748684,16.829159,-0.015286657421164843,-0.023310181038106056,0,0
2022-07-28,0.012101901,0.009169663,0.018726626,17.238516,-0.01486507448790323,-0.022667321436680175,0,0
2022-07-29,0.014621925,0.0087321345,0.00994239,18.383987,-0.014155789539754857,-0.02158575336764953,0,0
2022-08-01,-0.0031499905,0.008486167,0.008231369,19.757627,-0.01375704758850133,-0.020977723317971143,0,0
2022-08-02,-0.006513095,0.008537275,0.010002302,19.82257,-0.013839899847333971,-0.02110406232718652,0,0
2022-08-03,0.015151805,0.00860654,0.011616935,20.545116,-0.013952186361331673,-0.02127528477937547,0,0
2022-08-04,-0.00096286944,0.008273631,0.006332824,21.82187,-0.013412503490428575,-0.02045233800446453,0,0
2022-08-05,-0.0013254611,0.008146171,0.010659064,21.887022,-0.013205876285159329,-0.02013725816526074,0,0
2022-08-08,-0.001206491,0.007890083,0.009917393,21.57468,-0.012790727954374517,-0.019504210502737526,0,0
2022-08-09,-0.0041736034,0.007802864,0.006213384,21.758415,-0.012649336342473817,-0.019288606529948047,0,0
2022-08-10,0.020517847,0.007798922,0.011844878,22.316422,-0.012642944783638978,-0.019278860227048007,0,0
2022-08-11,-5.9384187e-05,0.007893088,0.0096490765,25.947887,-0.012795599481853017,-0.019511638953858487,0,0
2022-08-12,0.016783364,0.00795809,0.008510442,26.277916,-0.01290097453734042,-0.019672322323194085,0,0
2022-08-15,0.004021336,0.007914914,0.008687475,32.92611,-0.012830981355545622,-0.019565591748018713,0,0
2022-08-16,0.002207763,0.0077818595,0.007778706,33.777542,-0.012615285445710108,-0.01923668330394751,0,0
2022-08-17,-0.0072223507,0.0077687264,0.008711854,34.118473,-0.012593994878805628,-0.019204217935275075,0,0
2022-08-18,0.0022771738,0.007710604,0.0061164154,34.85969,-0.012499771502558252,-0.019060539438541906,0,0
2022-08-19,-0.012914009,0.0076155774,0.0077037634,28.433924,-0.012345722527941843,-0.01882563462003846,1,0
2022-08-22,-0.021558866,0.007803876,0.009573628,39.707916,-0.012650976220833264,-0.01929110713295013,1,1
2022-08-23,-0.0025992095,0.008244303,0.0070499727,57.555298,-0.01336495883390633,-0.020379838535130333,0,0
2022-08-24,0.0029613534,0.008270107,0.007870198,49.484394,-0.013406790501949371,-0.020443626433841216,0,0
2022-08-25,0.013962774,0.0080676805,0.0064812987,55.9006,-0.01307863421556235,-0.019943230419609666,0,0
2022-08-26,-0.03426278,0.007837375,0.021367176,61.41357,-0.01270528210511543,-0.0193739166026187,1,1
2022-08-29,-0.006983312,0.008333565,0.009969335,28.432312,-0.01350966227425915,-0.02060049261918084,0,0
2022-08-30,-0.010912034,0.008466926,0.017520374,27.124529,-0.013725856983945633,-0.020930161668694262,0,0
2022-08-31,-0.0078046722,0.008629758,0.010529127,29.473711,-0.013989825916244824,-0.02133268024622256,0,0
2022-09-01,0.0030913877,0.0085543,0.012050064,30.398487,-0.013867500105754266,-0.02114614916165596,0,0
2022-09-02,-0.011212229,0.008511411,0.019041494,31.869473,-0.013797971964091254,-0.02104012771270506,0,0
2022-09-06,-0.0035737115,0.008591605,0.013466471,36.264065,-0.013927975578717626,-0.021238366458367876,0,0
2022-09-07,0.017616576,0.008834432,0.015066054,37.17002,-0.014321625720324966,-0.021838632155029507,0,0
2022-09-08,0.006386597,0.008494373,0.011561145,49.062218,-0.013770351449839447,-0.020998009990704974,0,0
2022-09-09,0.015298679,0.008270717,0.008919386,49.49952,-0.013407779661721513,-0.020445134774921214,0,0
2022-09-12,0.010638398,0.008118516,0.0085389055,62.110764,-0.013161043378080679,-0.02006889376409211,0,0
2022-09-13,-0.039826624,0.008057024,0.029525071,69.95056,-0.013061358523262031,-0.019916887216907844,1,1
2022-09-14,0.0038530824,0.008676889,0.009240076,21.759584,-0.01406623091270597,-0.02144918801182862,0,0
2022-09-15,-0.011731641,0.00908568,0.010007692,20.930033,-0.014728928292371013,-0.02245971604734821,0,0
2022-09-16,-0.0074911513,0.009227848,0.00921255,21.145624,-0.014959397455322205,-0.0228111517971057,0,0
2022-09-19,0.0069807195,0.009294957,0.0140114445,21.6661,-0.01506818983838418,-0.022977046150257786,0,0
2022-09-20,-0.011425028,0.009170978,0.014887761,21.043982,-0.014867206414169809,-0.022670572349280927,0,0
2022-09-21,-0.017320396,0.009364437,0.021420904,19.24123,-0.015180825765475454,-0.02314880141235042,1,0
2022-09-22,-0.009039088,0.009664806,0.012423824,21.658754,-0.01566775569917893,-0.023891306761609176,0,0
2022-09-23,-0.016843066,0.009766073,0.020439738,21.513819,-0.0158319224616353,-0.02414163990167154,1,0
2022-09-26,-0.010570636,0.010286288,0.012648266,22.01341,-0.01667525037481062,-0.025427606204768485,0,0
2022-09-27,-0.002455328,0.010772707,0.018724993,23.80313,-0.017463791327705373,-0.02663002945934396,0,0
2022-09-28,0.019207949,0.011105435,0.024315776,24.080046,-0.018003182177037513,-0.027452530939021388,0,0
2022-09-29,-0.02105341,0.010901366,0.017790016,22.280428,-0.01767236224880674,-0.026948073214509562,1,0
2022-09-30,-0.014540449,0.011187434,0.016629532,26.74186,-0.01813611107133133,-0.027655230358902022,0,0
2022-10-03,0.024343781,0.011497343,0.021564472,26.70704,-0.018638509708365707,-0.028421323485732664,0,0
2022-10-04,0.030161757,0.011187991,0.014874999,29.279436,-0.01813701414381955,-0.027656607427976765,0,0
2022-10-05,-0.0024350928,0.010805108,0.016060276,30.491238,-0.017516316386800495,-0.026710123400276353,0,0
2022-10-06,-0.009866649,0.010744991,0.011287558,28.46793,-0.017418860517441084,-0.02656151576844386,0,0
2022-10-07,-0.02793704,0.010993247,0.021298291,31.721169,-0.017821311817840142,-0.027175202097172255,1,1
2022-10-10,-0.007693931,0.011437874,0.0129307415,38.71044,-0.018542103766272973,-0.02827431685757212,0,0
2022-10-11,-0.007197761,0.011868662,0.013840668,44.744797,-0.019240460693320926,-0.029339221103817915,0,0
2022-10-12,-0.0029912025,0.012222951,0.009204856,49.395622,-0.019814802979926053,-0.030215019017629286,0,0
2022-10-13,0.025653895,0.012114159,0.035579257,51.895897,-0.019638438830927876,-0.029946086436194768,0,0
2022-10-14,-0.023149023,0.011762145,0.023607602,82.40203,-0.019067783105657828,-0.029075910052961416,1,0
2022-10-17,0.025184026,0.011772873,0.013795264,85.31011,-0.019085174424996357,-0.029102429571984022,0,0
2022-10-18,0.011722042,0.011556084,0.014474801,99.26679,-0.018733735748272896,-0.028566530915232934,0,0
2022-10-19,-0.0068548657,0.011256422,0.016312951,80.82786,-0.01824794858106386,-0.02782576813749493,0,0
2022-10-20,-0.008669204,0.01115448,0.014586475,99.977875,-0.018082689691691828,-0.027573769644738438,0,0
2022-10-21,0.023861064,0.010955775,0.020591307,82.13758,-0.017760566267123298,-0.027082572966718357,0,0
2022-10-24,0.011950098,0.010843349,0.014716988,99.93131,-0.017578309359141252,-0.02680465468782602,0,0
2022-10-25,0.015886785,0.010589404,0.0111305425,99.75722,-0.01716663659144661,-0.026176906810769906,0,0
2022-10-26,-0.007586355,0.010158937,0.013415903,99.99992,-0.016468801252060076,-0.025112797918438314,0,0
2022-10-27,-0.0056132255,0.009792458,0.020609811,99.987785,-0.015874696025843623,-0.024206864070557575,0,0
2022-10-28,0.023737492,0.00947668,0.020046853,98.929535,-0.015362783899942709,-0.023426264100165697,0,0
2022-10-31,-0.007248965,0.009163851,0.0062384545,99.99983,-0.014855652150278493,-0.02265295358700686,0,0
2022-11-01,-0.0043876697,0.008922471,0.013416479,98.990685,-0.014464346621168602,-0.02205626312201779,0,0
2022-11-02,-0.025477,0.008720731,0.022297058,99.99993,-0.01413730440551471,-0.02155756592197191,1,1
2022-11-03,-0.010938547,0.008790779,0.013291064,99.96811,-0.014250858596967836,-0.021730721418787274,0,0
2022-11-04,0.0137868915,0.008594804,0.015219157,99.99975,-0.013933161915577533,-0.02124627495319433,0,0
2022-11-07,0.009414468,0.008460493,0.011360074,99.00452,-0.013715427762696181,-0.020914258451351628,0,0
2022-11-08,0.005228428,0.008298397,0.013212384,99.99967,-0.013452651392477227,-0.020513558377190256,0,0
2022-11-09,-0.02101319,0.008400308,0.01336725,99.99926,-0.013617861330256439,-0.020765482225081015,1,1
2022-11-10,0.053275086,0.00860596,0.023929488,99.99956,-0.01395124615315235,-0.021273851083161203,0,0
2022-11-11,0.0098603405,0.008352967,0.009533252,61.094162,-0.013541116204624497,-0.02064845580635615,0,0
2022-11-14,-0.008598829,0.0082098795,0.009052179,56.67427,-0.013309154862085297,-0.020294744675174222,0,0
2022-11-15,0.008411324,0.008127751,0.015550174,52.948784,-0.01317601496954657,-0.020091723510182666,0,0
2022-11-16,-0.007781164,0.008161343,0.008793426,64.14002,-0.013230471084579113,-0.02017476206237021,0,0
2022-11-17,-0.0033443791,0.00800624,0.013480114,49.030354,-0.012979032072055707,-0.019791349996508882,0,0
2022-11-18,0.004729334,0.007879435,0.008929932,53.228477,-0.012773466609954851,-0.01947788917870325,0,0
2022-11-21,-0.004034297,0.00776662,0.007614661,59.202393,-0.012590580083209992,-0.019199010812399917,0,0
2022-11-22,0.013114736,0.0075654685,0.008703955,66.07282,-0.012264490735630117,-0.018701766613274957,0,0
2022-11-23,0.0056569325,0.0073066335,0.00555498,54.88131,-0.011844889497884705,-0.018061928841930853,0,0
2022-11-25,-0.00012398488,0.007093144,0.0041820016,55.24891,-0.011498798360680264,-0.017534184493270964,0,0
2022-11-28,-0.015557466,0.0070088967,0.008185673,55.731056,-0.01136222426070737,-0.017325926604854047,1,0
2022-11-29,-0.0020801167,0.0071294,0.008595355,51.92452,-0.011557574031782623,-0.017623809811369295,0,0
2022-11-30,0.029654365,0.007081637,0.019123036,66.040855,-0.011480144427844188,-0.017505739651504603,0,0
2022-12-01,0.00012250399,0.006883633,0.009416128,46.28483,-0.011159157017826257,-0.017016275249161727,0,0
2022-12-02,-0.0015323794,0.006714222,0.013759523,41.4735,-0.010884522546243315,-0.01659749309976656,0,0
2022-12-05,-0.017886907,0.006567715,0.011063929,35.48551,-0.0106470187018068,-0.01623533036801094,1,1
2022-12-06,-0.014657577,0.0065796566,0.013635664,38.686726,-0.010666376524787897,-0.016264848551467335,1,0
2022-12-07,-0.0020934446,0.006700232,0.008441701,21.76034,-0.010861843610887321,-0.01656291064826426,0,0
2022-12-08,0.0073394827,0.006807671,0.009907536,34.156403,-0.011036014222131406,-0.016828498367525636,0,0
2022-12-09,-0.0074664988,0.0067562163,0.009730541,19.138794,-0.010952599863974321,-0.01670130222933476,0,0
2022-12-12,0.014001238,0.006874793,0.007981535,19.31691,-0.011144826861024894,-0.01699442360820837,0,0
2022-12-13,0.015782606,0.0069166813,0.027574036,20.17748,-0.011212732004188054,-0.017097970193766063,0,0
2022-12-14,-0.0060598752,0.0066783032,0.015981924,21.377874,-0.010826293782591766,-0.016508701744995736,0,0
2022-12-15,-0.026013028,0.006893283,0.01682917,21.013071,-0.011174801271696925,-0.0170401307186659,1,1
2022-12-16,-0.012362047,0.0072529656,0.012818535,22.005089,-0.011757887325571158,-0.017929261749873866,1,0
2022-12-19,-0.0086737545,0.0074088457,0.012305577,22.840382,-0.01201058726360615,-0.018314596564518063,0,0
2022-12-20,0.0009746906,0.0073571806,0.011568767,22.38097,-0.011926831932285291,-0.01818688048622794,0,0
2022-12-21,0.014571502,0.007353396,0.008489757,21.05816,-0.011920696947316265,-0.01817752542538278,0,0
2022-12-22,-0.014571502,0.0071893847,0.021659886,20.148233,-0.011654815526925202,-0.017772090550169088,1,0
2022-12-23,0.0053115813,0.007398793,0.008867553,21.120535,-0.01199429060316222,-0.01828974625913092,0,0
2022-12-27,-0.0038188985,0.007360715,0.010953186,21.096249,-0.011932561800624089,-0.018195617796460128,0,0
2022-12-28,-0.012398201,0.0073294905,0.010074733,19.439672,-0.011881943321669985,-0.018118431144350026,1,0
2022-12-29,0.016733795,0.007355482,0.01006836,21.02397,-0.011924077983192715,-0.01818268106904019,0,0
2022-12-30,-0.002780384,0.007311068,0.008990946,23.804995,-0.011852078630085307,-0.018072891341350174,0,0
2023-01-03,-0.00389257,0.00728813,0.014953297,24.000809,-0.011814893143395204,-0.01801618826998179,0,0
2023-01-04,0.007382975,0.0072825574,0.009657097,24.205168,-0.011805859042541103,-0.018002412431312568,0,0
2023-01-05,-0.01181295,0.0071669463,0.009361589,24.6118,-0.011618440273495557,-0.01771662298002664,1,0
2023-01-06,0.022339363,0.007183955,0.015039656,27.643888,-0.011646013524140502,-0.017758668631121882,0,0
2023-01-09,-0.00044704156,0.007106966,0.011367203,26.870008,-0.011521205530296815,-0.017568352537070397,0,0
2023-01-10,0.006875067,0.0070930636,0.00846684,27.855488,-0.0114986683857614,-0.017533986298282636,0,0
2023-01-11,0.01242017,0.0070721037,0.0069347746,28.339193,-0.011464690072393941,-0.017482173752600257,0,0
2023-01-12,0.0033777477,0.0070929956,0.011829138,30.924736,-0.011498557822681067,-0.017533817703844514,0,0
2023-01-13,0.003677506,0.006894725,0.010812887,30.29156,-0.011177138288257558,-0.01704369436751447,0,0
2023-01-17,-0.0021799393,0.006735206,0.006581062,29.88545,-0.010918540527280817,-0.01664936613352979,0,0
2023-01-18,-0.016027495,0.0067039453,0.012530483,27.72381,-0.010867862968818136,-0.01657208939278863,1,0
2023-01-19,-0.0076960153,0.006808292,0.0070395153,31.09419,-0.01103702110575612,-0.016830033735194955,0,0
2023-01-20,0.018472185,0.0068483273,0.009956897,28.129509,-0.011101922477904728,-0.016928999957353565,0,0
2023-01-23,0.011962759,0.0067440877,0.011063496,30.42511,-0.010932938203520553,-0.01667132073291864,0,0
2023-01-24,-0.00092945446,0.0066556227,0.007397437,30.920166,-0.010789526072426586,-0.016452635728946972,0,0
2023-01-25,-0.0001859946,0.006490611,0.013607384,26.929285,-0.010522023341521629,-0.016044728564300958,0,0
2023-01-26,0.010730907,0.0064310553,0.0053672683,26.927322,-0.010425476452601296,-0.01589750701040632,0,0
2023-01-27,0.0021446743,0.00636008,0.008512917,26.645163,-0.010310418265658447,-0.015722058114440305,0,0
2023-01-30,-0.012751582,0.0062742326,0.0071002217,26.701582,-0.010171249731266128,-0.015509844048139496,1,0
2023-01-31,0.014158439,0.0063524516,0.01239634,28.27461,-0.010298051236527734,-0.015703199989998966,0,0
2023-02-01,0.010277083,0.0062882,0.01846936,26.770487,-0.010193892374923998,-0.015544371159482718,0,0
2023-02-02,0.014236612,0.0061564017,0.010040251,25.160284,-0.009980232176155384,-0.01521856691224169,0,0
2023-02-03,-0.010492646,0.006198297,0.009555796,26.84234,-0.010048149135220258,-0.01532213151552559,1,0
2023-02-06,-0.0058637015,0.0062150937,0.0064891283,27.16899,-0.01007537803672951,-0.015363652078599807,0,0
2023-02-07,0.012591666,0.0063259867,0.013217258,24.154482,-0.010255148541393528,-0.015637778913105048,0,0
2023-02-08,-0.010895518,0.006246076,0.0082063945,25.536558,-0.01012560405894808,-0.015440240284803595,1,0
2023-02-09,-0.009425714,0.006535897,0.014537873,26.784243,-0.01059543722686292,-0.01615667527121459,0,0
2023-02-10,0.001953245,0.0067504975,0.0075297863,27.26757,-0.01094332944508592,-0.01668716603614131,0,0
2023-02-13,0.011519467,0.0068950653,0.010611058,41.924713,-0.011177690259666244,-0.01704453605272464,0,0
2023-02-14,-0.00042205543,0.0068263565,0.014102217,38.093693,-0.011066305130170803,-0.01687468809564955,0,0
2023-02-15,0.0030709042,0.006688915,0.007933236,32.796673,-0.010843497735488815,-0.016534935554359843,0,0
2023-02-16,-0.0141683165,0.0066008046,0.008871415,32.95289,-0.010700660363613987,-0.016317126984070326,1,0
2023-02-17,-0.00299246,0.0067633768,0.006876303,33.2345,-0.010964208143416336,-0.01671900335835723,0,0
2023-02-21,-0.020202707,0.006838181,0.009572546,34.28452,-0.011085474742717441,-0.016903919282467,1,1
2023-02-22,-0.001686499,0.0071819485,0.007163596,33.40774,-0.011642760775196957,-0.017753708608491913,0,0
2023-02-23,0.004926579,0.0071810205,0.01050858,32.706066,-0.011641255935714254,-0.01775141392236082,0,0
2023-02-24,-0.010757499,0.0070375632,0.0119536,31.379066,-0.011408695358159507,-0.01739678903506387,0,0
2023-02-27,0.0030764425,0.007153705,0.008973149,29.66564,-0.01159697500004429,-0.01768389120640236,0,0
2023-02-28,-0.0031393257,0.00703847,0.0064079086,27.403017,-0.011410165593930046,-0.017399030954996775,0,0
2023-03-01,-0.0047907303,0.0069079273,0.0083463695,24.018648,-0.011198541106228331,-0.017076330904585917,0,0
2023-03-02,0.0071147787,0.00691039,0.011918433,24.5272,-0.011202534037015025,-0.017082419609064998,0,0
2023-03-03,0.016180575,0.006766029,0.009329093,23.513613,-0.010968508287647618,-0.01672556052371781,0,0
2023-03-06,0.0006788238,0.006606049,0.007075991,23.481716,-0.010709161904897933,-0.016330090738079582,0,0
2023-03-07,-0.015605402,0.0065007713,0.010481567,23.555336,-0.010538494708512348,-0.016069845274639945,1,0
2023-03-08,0.0013150069,0.006536705,0.0055763996,26.09277,-0.010596747103967326,-0.016158672664863195,0,0
2023-03-09,-0.018951925,0.0064688157,0.015509084,24.379278,-0.010486691263414822,-0.015990851701986906,1,1
2023-03-10,-0.014712289,0.0068539204,0.014833295,27.220484,-0.011110989494485036,-0.01694282598826009,1,0
2023-03-13,-0.0015545051,0.007452318,0.023204695,27.15981,-0.012081060677406365,-0.01842205943156589,0,0
2023-03-14,0.024966089,0.007945118,0.012907173,26.411636,-0.012879944764266647,-0.019640254631478747,0,0
2023-03-15,-0.0074245986,0.00781038,0.0172993,27.000645,-0.012661520225127947,-0.019307185379633107,0,0
2023-03-16,0.017552063,0.008302764,0.015294613,26.772242,-0.013459730805590474,-0.020524353569151898,0,0
2023-03-17,-0.011962619,0.00799068,0.0114174755,27.166708,-0.012953806809880128,-0.019752884725007976,0,0
2023-03-20,0.009079508,0.008509564,0.016266217,25.871136,-0.013794977476999478,-0.02103556150609086,0,0
2023-03-21,0.013156854,0.008435562,0.0076958593,24.907246,-0.013675012314872984,-0.020852630105825252,0,0
2023-03-22,-0.016300127,0.007979875,0.015664728,25.362547,-0.012936291423573592,-0.01972617601986015,1,0
2023-03-23,0.0018871491,0.008005114,0.01609062,28.192625,-0.012977206515240739,-0.019788566257809188,0,0
2023-03-24,0.005827632,0.008182765,0.012978479,26.243206,-0.013265198863712496,-0.020227717446686583,0,0
2023-03-27,0.0014984083,0.008045413,0.006469862,24.432096,-0.013042534947837046,-0.019888183692072302,0,0
2023-03-28,-0.0014359297,0.007827583,0.007365715,22.418985,-0.01268940744116132,-0.019349709787453397,0,0
2023-03-29,0.01389773,0.0076527223,0.005657377,22.151512,-0.012405938895060451,-0.018917456813754164,0,0
2023-03-30,0.005529968,0.0074517946,0.005119721,23.743412,-0.012080212464461823,-0.018420766016219985,0,0
2023-03-31,0.014055174,0.007365895,0.007032658,22.690474,-0.011940958686778561,-0.018208421964894365,0,0
2023-04-03,0.0038593789,0.0073209256,0.004428029,24.65389,-0.011868058793161872,-0.018097259029070938,0,0
2023-04-04,-0.0059762937,0.007203003,0.0089737605,22.963907,-0.011676892695286711,-0.01780575538461504,0,0
2023-04-05,-0.0028497821,0.007230856,0.005738324,23.953081,-0.011722045475704646,-0.01787460755137183,0,0
2023-04-06,0.0035760866,0.007204567,0.0060622147,23.695154,-0.01167942805019756,-0.017809621473867877,0,0
2023-04-07,0.0,0.0071146353,0.0043814047,22.64071,-0.011533638390879938,-0.017587311045986345,0,0
2023-04-10,0.001028029,0.007080564,0.007581748,22.192406,-0.011478404958313143,-0.017503087184810164,0,0
2023-04-11,6.0439394e-05,0.0070249583,0.003916638,22.67587,-0.011388261444129364,-0.017365629951541776,0,0
2023-04-12,-0.0042396043,0.0069881263,0.010599305,23.263622,-0.0113285531607845,-0.01727458252005317,0,0
2023-04-13,0.012964875,0.00718768,0.007818303,21.524248,-0.01165205229390985,-0.01776787697619646,0,0
2023-04-14,-0.0021591804,0.007136493,0.008629501,24.222109,-0.011569072592137282,-0.01764134363293408,0,0
2023-04-17,0.0031173215,0.0070647653,0.005506101,23.544262,-0.01145279314735289,-0.017464032476266052,0,0
2023-04-18,0.00077781436,0.006957005,0.005689978,22.66037,-0.011278100948447384,-0.017197649403090473,0,0
2023-04-19,-0.0003589161,0.006893221,0.006264602,23.404736,-0.011174699992539368,-0.01703997628101266,0,0
2023-04-20,-0.006241768,0.00685754,0.005466569,21.429255,-0.011116857777672497,-0.016951774363285044,0,0
2023-04-21,0.0010229565,0.0069054333,0.0043664705,22.90097,-0.01119449753586286,-0.017070164981280216,0,0
2023-04-24,0.0006613558,0.0068345005,0.0050444882,21.357063,-0.011079507712351363,-0.016894820330730136,0,0
2023-04-25,-0.016055599,0.0067907074,0.0062396126,18.279917,-0.011008514398875688,-0.016786564683728997,1,0
2023-04-26,-0.00422316,0.0070530865,0.0063490234,20.116915,-0.01143386069683353,-0.017435162930953273,0,0
2023-04-27,0.018895425,0.0070270877,0.010497514,17.483015,-0.011391713375416106,-0.017370893701556454,0,0
2023-04-28,0.008331134,0.0068523185,0.0089765685,19.019382,-0.011108392528086673,-0.016938865949434865,0,0
2023-05-01,-0.00065677526,0.0066430895,0.004637775,17.225372,-0.010769208629427634,-0.016421654248726106,0,0
2023-05-02,-0.011775444,0.0065258746,0.013193089,16.20075,-0.010579189518011808,-0.01613189961069318,1,0
2023-05-03,-0.0070958845,0.006645988,0.011696543,17.857357,-0.010773907982338288,-0.016428820155836552,0,0
2023-05-04,-0.0077597923,0.006772643,0.009484811,19.02228,-0.010979229530468025,-0.01674190903629396,0,0
2023-05-05,0.018113794,0.0070246845,0.009938035,17.28726,-0.011387817503822072,-0.017364952999828397,0,0
2023-05-08,0.000602192,0.006792612,0.003996256,17.570324,-0.011011601725195224,-0.016791272458192005,0,0
2023-05-09,-0.0045253043,0.0066846344,0.0028242571,17.724989,-0.010836557581217208,-0.01652435271417141,0,0
2023-05-10,0.0043446845,0.006687269,0.010014148,16.520708,-0.010840829029687183,-0.016530866122196907,0,0
2023-05-11,-0.001988971,0.0068861065,0.007903738,17.140863,-0.011163166828472543,-0.017022389693249682,0,0
2023-05-12,-0.0013885957,0.0068998015,0.008960893,15.835601,-0.01118536806380206,-0.017056243713820855,0,0
2023-05-15,0.002895755,0.0069084065,0.0050160554,16.249138,-0.011199317579769604,-0.01707751492659411,0,0
2023-05-16,-0.0065272804,0.0068293056,0.0038217744,14.505879,-0.011071086350400482,-0.016881978839863032,0,0
2023-05-17,0.01169463,0.006897529,0.0069166943,15.295947,-0.011181684034445917,-0.017050626044184166,0,0
2023-05-18,0.009661911,0.006799668,0.006938716,14.863929,-0.011023040362048328,-0.016808714904145285,0,0
2023-05-19,-0.0017227556,0.0066213408,0.005791976,18.22853,-0.010733951666696016,-0.016367891927671543,0,0
2023-05-22,5.94548e-05,0.006631475,0.005434817,18.197021,-0.010750379990044773,-0.016392943002007904,0,0
2023-05-23,-0.011059745,0.006617943,0.009286492,18.538534,-0.010728442924517884,-0.0163594918063156,1,0
2023-05-24,-0.007906133,0.0066602333,0.007522119,18.217148,-0.010797000474254307,-0.01646403322775626,0,0
2023-05-25,0.008146562,0.006828504,0.0074795033,18.99847,-0.011069787445204812,-0.0168799981769602,0,0
2023-05-26,0.012779345,0.0067715333,0.009590959,19.714563,-0.010977430981428407,-0.016739166480968466,0,0
2023-05-30,0.00041527007,0.0066120643,0.0062640505,19.171967,-0.010718913399784731,-0.016344960510125937,0,0
2023-05-31,-0.005829533,0.006459055,0.006579066,16.8119,-0.010470868083032471,-0.01596672339262867,0,0
2023-06-01,0.008909009,0.006377593,0.008578713,17.49702,-0.010338808501507687,-0.015765349562605033,0,0
2023-06-02,0.014091356,0.0061682663,0.007916322,18.51141,-0.009999465932168473,-0.015247895909572862,0,0
2023-06-05,-0.0016337966,0.00598916,0.0053025344,17.977509,-0.009709113779325635,-0.01480514632337492,0,0
2023-06-06,0.002041829,0.0058625517,0.0040852996,16.458775,-0.009503867346571085,-0.014492171984177002,0,0
2023-06-07,-0.0036198078,0.0056791827,0.005240661,16.992723,-0.009206605423203906,-0.014038885889086599,0,0
2023-06-08,0.005599315,0.0056033502,0.005470915,16.987448,-0.009083671937768005,-0.013851428178600543,0,0
2023-06-09,0.001511101,0.005515094,0.006741465,17.005098,-0.008940598247858877,-0.013633259253786795,0,0
2023-06-12,0.0087887235,0.005489974,0.0042805243,14.791518,-0.008899876430584068,-0.013571163734359362,0,0
2023-06-13,0.016896343,0.0054958146,0.0054685674,13.82511,-0.008909344343829706,-0.013585601080976638,0,0
2023-06-14,0.00039614047,0.0056432034,0.008974479,15.412204,-0.009148278756366719,-0.013949945244584306,0,0
2023-06-15,0.011867739,0.0056176493,0.012946477,15.770909,-0.009106853048946886,-0.013886776383466838,0,0
2023-06-16,-0.0039215735,0.005663755,0.006416486,15.877404,-0.009181595379238136,-0.014000748797598835,0,0
2023-06-20,-0.0042751934,0.0056118746,0.0075380797,15.715293,-0.009097491478816683,-0.013872501196385468,0,0
2023-06-21,-0.0057666376,0.005602817,0.004755727,16.378048,-0.00908280768895685,-0.013850110310626208,0,0
2023-06-22,0.0032831456,0.005558871,0.005096742,15.07679,-0.009011566241545161,-0.013741476291374625,0,0
2023-06-23,-0.007886342,0.0055012666,0.0049770186,15.5974,-0.00891818263831253,-0.013599078340182924,0,0
2023-06-26,-0.004281195,0.0054953704,0.004804842,15.971873,-0.00890862441781807,-0.013584503286658174,0,0
2023-06-27,0.011036635,0.005489891,0.0060296347,15.762013,-0.008899741391707326,-0.013570957817488372,0,0
2023-06-28,-0.00028292544,0.005440287,0.0049407654,17.139475,-0.008819327428592873,-0.013448336894774803,0,0
2023-06-29,0.0041227858,0.005372132,0.004189819,15.448983,-0.00870884115162075,-0.013279859571872239,0,0
2023-06-30,0.01176616,0.0053796843,0.007171729,16.022875,-0.008721084113783457,-0.013298528510188356,0,0
2023-07-03,0.00089081906,0.0053490256,0.0020853293,16.891851,-0.008671383055198224,-0.01322274080582054,0,0
2023-07-05,-0.0018939399,0.0053289114,0.004187439,16.40145,-0.008638775386429706,-0.01317301831637871,0,0
2023-07-06,-0.008230038,0.0053533316,0.008941478,16.74805,-0.008678363721132853,-0.013233385421070273,0,0
2023-07-07,-0.0029276004,0.005439412,0.0069918227,18.020823,-0.008817909520387072,-0.01344617476762941,0,0
2023-07-10,0.0023090146,0.0054331818,0.0058301836,16.808886,-0.008807809456399682,-0.013430773472659812,0,0
2023-07-11,0.006559974,0.005426458,0.004927892,17.266209,-0.008796910131060568,-0.013414153407210045,0,0
2023-07-12,0.007571576,0.00540657,0.0067748995,17.24723,-0.008764669599238195,-0.013364990754261218,0,0
2023-07-13,0.007954964,0.0054225037,0.004791662,17.941614,-0.008790499160387197,-0.013404377503759802,0,0
2023-07-14,-0.0014867435,0.0054447255,0.0045733587,19.287937,-0.008826523312737311,-0.013459309690037675,0,0
2023-07-17,0.0037401726,0.005432112,0.005345394,19.70116,-0.008806075894819495,-0.01342813001482848,0,0
2023-07-18,0.0074386382,0.0054291994,0.005765723,17.871683,-0.00880135375409839,-0.013420929359246055,0,0
2023-07-19,0.002014209,0.005409556,0.003678914,18.742407,-0.008769509898976449,-0.01337237158710576,0,0
2023-07-20,-0.0068758796,0.0054377234,0.0043020626,17.098772,-0.00881517245115409,-0.013442001090050535,0,0
2023-07-21,-0.00016428904,0.0054371543,0.004360688,18.031,-0.008814249966827338,-0.013440594420425585,0,0
2023-07-24,0.00409915,0.0054140803,0.004286739,17.503513,-0.00877684419796955,-0.013383555447161397,0,0
2023-07-25,0.0027234615,0.0053851902,0.004265307,17.518429,-0.008730010183536164,-0.013312139615360786,0,0
2023-07-26,-0.0001631987,0.005372909,0.005550748,18.224081,-0.008710100389146378,-0.013281779746694219,0,0
2023-07-27,-0.0067689545,0.0053273,0.01171942,17.310616,-0.008636163228157709,-0.0131690351119055,0,0
2023-07-28,0.009214142,0.005384197,0.0071549956,16.4308,-0.008728399844931005,-0.013309684056674232,0,0
2023-07-31,0.0017351701,0.005338177,0.0036010137,16.738552,-0.008653795929488417,-0.013195922707335,0,0
2023-08-01,-0.002875514,0.0053169383,0.0041631497,15.512944,-0.008619366079876848,-0.013143421627115251,0,0
2023-08-02,-0.014006904,0.0053252233,0.008363864,16.125214,-0.008632796540161912,-0.013163901346915634,1,1
2023-08-03,-0.0034220146,0.005478682,0.006292095,16.318361,-0.008881571066848585,-0.013543250415516244,0,0
2023-08-04,-0.0052662333,0.005524569,0.009857376,15.186151,-0.008955958920088384,-0.013656682297861891,0,0
2023-08-07,0.008798441,0.0056268643,0.003921291,16.296087,-0.009121790880693594,-0.013909554650339648,0,0
2023-08-08,-0.004251214,0.0055312905,0.008786931,18.148607,-0.008966854869455579,-0.013673297215389886,0,0
2023-08-09,-0.007274375,0.0055323928,0.008047863,19.317701,-0.008968642446586463,-0.013676023039969613,0,0
2023-08-10,0.0,0.0056597735,0.011125086,21.182743,-0.009175140520929825,-0.01399090597116552,0,0
2023-08-11,-0.0011152625,0.005713203,0.0058019953,18.230383,-0.009261756144458696,-0.014122983626179298,0,0
2023-08-14,0.005619399,0.005662578,0.006080352,18.98338,-0.009179687111111163,-0.01399783893481566,0,0
2023-08-15,-0.0116072735,0.0056267814,0.008545442,17.735382,-0.00912165668580983,-0.013909350020449102,1,0
2023-08-16,-0.007662873,0.0057277908,0.0065028258,19.552156,-0.0092854048277483,-0.014159044818211395,0,0
2023-08-17,-0.008064101,0.005800069,0.007986156,21.91893,-0.009402575529119196,-0.014337715026227958,0,0
2023-08-18,-0.000399213,0.00594021,0.0074215997,23.875309,-0.009629760715386595,-0.014684143135079066,0,0
2023-08-21,0.006765041,0.005938524,0.0065950914,25.031567,-0.00962702702212553,-0.014679974605421964,0,0
2023-08-22,-0.0030073505,0.005872569,0.007157503,24.757065,-0.0095201066154924,-0.014516934774893976,0,0
2023-08-23,0.01079564,0.005867507,0.010292894,20.627552,-0.00951190047175133,-0.014504421464040011,0,0
2023-08-24,-0.013812061,0.0057939775,0.012279794,23.564173,-0.00939270081125737,-0.014322657355036825,1,0
2023-08-25,0.0064202943,0.005867225,0.009350737,25.895214,-0.009511443871549343,-0.014503725207619975,0,0
2023-08-28,0.0063230605,0.0057888306,0.004428064,24.66317,-0.009384357096660616,-0.01430993426637054,0,0
2023-08-29,0.014415268,0.005686427,0.008276635,25.764732,-0.009218349585515642,-0.014056794221960498,0,0
2023-08-30,0.0038755448,0.0055990806,0.0049662837,27.731852,-0.00907675035134195,-0.01384087365198187,0,0
2023-08-31,-0.0018251713,0.0055139842,0.004186984,26.859901,-0.008938799698819257,-0.0136305166984613,0,0
2023-09-01,0.001217151,0.0054599815,0.006291523,27.032978,-0.0088512548390198,-0.013497022077979023,0,0
2023-09-05,-0.0042109992,0.005418289,0.004294461,28.683287,-0.008783667037216985,-0.013393959397068158,0,0
2023-09-06,-0.0069088754,0.0054202015,0.008050237,27.780926,-0.008786767023431214,-0.01339868647623782,0,0
2023-09-07,-0.0034163175,0.005448359,0.005661664,31.392834,-0.008832413539742241,-0.013468291526554163,0,0
2023-09-08,0.0012334606,0.0054517696,0.005447702,26.419329,-0.008837942537751884,-0.013476722535440754,0,0
2023-09-11,0.0063673137,0.005422705,0.003934413,27.33096,-0.008790825785670319,-0.013404875565191508,0,0
2023-09-12,0.005219914,0.005387365,0.003856541,25.187275,-0.008733535542212133,-0.013317515332674064,0,0
2023-09-13,0.00083044986,0.0053782673,0.005488693,25.268684,-0.008718786764892867,-0.01329502534942064,0,0
2023-09-14,0.008266787,0.0054614567,0.00484546,78.595634,-0.008853646715124107,-0.01350066938055643,0,0
2023-09-15,-0.012592677,0.005439963,0.00786216,99.997925,-0.008818803308952515,-0.013447537679919274,1,0
2023-09-18,0.00077782106,0.0054828622,0.004311664,94.304214,-0.00888834748648214,-0.013553583581498604,0,0
2023-09-19,-0.002557973,0.005482891,0.0072193914,97.943306,-0.00888839390609602,-0.013553654365423006,0,0
2023-09-20,-0.00962299,0.0054707155,0.008172107,98.74062,-0.008868656286274083,-0.013523557040766953,1,0
2023-09-21,-0.01700914,0.0055258116,0.007805951,96.81743,-0.008957973531330793,-0.013659754320180972,1,1
2023-09-22,-0.0025191815,0.0056841616,0.006613209,78.41725,-0.009214676528068235,-0.014051193283069573,0,0
2023-09-25,0.0040619066,0.0057318113,0.007072076,72.24258,-0.009291922141537106,-0.014168982881197542,0,0
2023-09-26,-0.01472391,0.0057548922,0.0079178205,52.066345,-0.00932933888230363,-0.014226038585207499,1,1
2023-09-27,-0.0002897459,0.0059904465,0.0097207455,55.184525,-0.009711199285978333,-0.01480832645205127,0,0
2023-09-28,0.0055485056,0.005951135,0.008707397,60.62813,-0.009647471064071428,-0.014711149132709385,0,0
2023-09-29,-0.0027704046,0.005837042,0.009524456,43.48415,-0.009462513378554523,-0.014429112516397247,0,0
2023-10-02,-0.0002890257,0.005868729,0.009144729,30.643713,-0.009513882167267531,-0.014507443294121786,0,0
2023-10-03,-0.013855153,0.0058938973,0.010729969,25.513985,-0.009554682475889446,-0.014569658502730483,1,0
2023-10-04,0.0077080675,0.0061589074,0.010142296,21.697844,-0.009984294314366407,-0.015224761149117153,0,0
2023-10-05,-0.0016300872,0.006086281,0.0072685746,20.924652,-0.00986655813769915,-0.01504522866420332,0,0
2023-10-06,0.0117583675,0.006041343,0.017461648,21.9356,-0.00979370803966826,-0.01493414166022607,0,0
2023-10-09,0.0062570167,0.006020765,0.009762823,23.347506,-0.00976034921714786,-0.014883273758189357,0,0
2023-10-10,0.0051939273,0.0059757014,0.007854039,21.138052,-0.009687295716808876,-0.014771876591925179,0,0
2023-10-11,0.004147144,0.0058889366,0.006355906,21.483963,-0.009546640066786426,-0.014557394866082594,0,0
2023-10-12,-0.0066551254,0.0059137926,0.01086492,21.799814,-0.009586934823613535,-0.014618839173405522,0,0
2023-10-13,-0.0053217486,0.005973523,0.010302055,24.126986,-0.009683764450182049,-0.014766491865748795,0,0
2023-10-16,0.009990663,0.0063065765,0.00730856,20.552465,-0.010223682795126466,-0.015589797708203524,0,0
2023-10-17,0.0001704013,0.0061389753,0.009230476,18.517403,-0.009951982043140763,-0.015175489102830612,0,0
2023-10-18,-0.0136095425,0.0061729155,0.007763505,16.29775,-0.010007002789476688,-0.015259388644934983,1,0
2023-10-19,-0.009080193,0.0063657085,0.010295622,16.342613,-0.01031954267376137,-0.015735971660017,0,0
2023-10-20,-0.012746475,0.006588008,0.007433159,17.236137,-0.010679915016174355,-0.016285493004764513,1,0
2023-10-23,-0.0015900595,0.0067074094,0.011036733,18.188524,-0.010873478898104683,-0.01658065296066092,0,0
2023-10-24,0.0069306046,0.0066491985,0.0074321274,15.711227,-0.010779112043050768,-0.016436755677252324,0,0
2023-10-25,-0.014503261,0.0065077855,0.007659958,15.306286,-0.010549865825927082,-0.016087184762157734,1,0
2023-10-26,-0.01272989,0.0066695963,0.0072934255,14.615231,-0.010812178844000212,-0.01648717828405552,1,0
2023-10-27,-0.004521212,0.0067670643,0.009744291,15.429174,-0.010970186145691148,-0.01672811904083986,0,0
2023-10-30,0.011533737,0.0069037797,0.0072196354,15.873661,-0.011191817014159514,-0.017066077531391066,0,0
2023-10-31,0.0063110474,0.006681808,0.0070067267,14.503069,-0.010831975543330725,-0.016517365697342634,0,0
2023-11-01,0.010332805,0.0063974676,0.009745227,14.807065,-0.01037102708951259,-0.015814478754062326,0,0
2023-11-02,0.018564854,0.006193069,0.0075562205,15.90967,-0.01003967375771868,-0.015309207657910091,0,0
2023-11-03,0.00924046,0.006026074,0.008218157,14.329509,-0.009768955413561282,-0.01489639709777363,0,0
2023-11-06,0.0018835084,0.005915187,0.0040171538,14.249774,-0.00958919503681302,-0.014622285707033713,0,0
2023-11-07,0.002676463,0.0058160326,0.0055634514,13.359672,-0.009428454885853999,-0.014377177707572719,0,0
2023-11-08,0.0007958616,0.0057610353,0.005265908,13.14346,-0.009339297999463422,-0.014241224954443,0,0
2023-11-09,-0.008502919,0.0057910304,0.007745646,13.384192,-0.009387922966999609,-0.014315371758745116,0,0
2023-11-10,0.015524466,0.005856236,0.009158829,12.32022,-0.009493628867735032,-0.01447655962441464,0,0
2023-11-13,-0.0011856705,0.0058021923,0.004716738,99.99918,-0.009406018176483162,-0.014342964619457756,0,0
2023-11-14,0.019192085,0.00577477,0.011607989,99.99638,-0.00936156337825939,-0.014275176785527897,0,0
2023-11-15,0.0018271925,0.0057580452,0.0047370843,99.98851,-0.00933445094778133,-0.014233833825754908,0,0
2023-11-16,0.00088471116,0.0057120705,0.0041653654,99.999115,-0.00925992045972797,-0.01412018444371428,0,0
2023-11-17,0.00093914877,0.005677012,0.0041789664,99.999954,-0.009203085972478793,-0.014033519180636425,0,0
2023-11-20,0.007646012,0.005643214,0.0062746853,99.99958,-0.00914829648021929,-0.013949972271173625,0,0
2023-11-21,-0.0024140023,0.0056203264,0.004475592,99.99906,-0.009111192860848213,-0.013893394036908275,0,0
2023-11-22,0.0035093527,0.0055867834,0.005168853,99.99999,-0.009056815237162777,-0.013810475173901993,0,0
2023-11-24,0.00021892617,0.005585543,0.0017651721,99.97862,-0.009054804845885266,-0.013807409586485131,0,0
2023-11-27,-0.0015883016,0.005530778,0.002597046,94.39541,-0.00896602438036361,-0.013672030826633298,0,0
2023-11-28,0.0004384042,0.0055216514,0.004684162,99.99878,-0.008951229183430463,-0.013649470059455472,0,0
2023-11-29,-0.00082216563,0.0055062,0.0063797412,99.99876,-0.008926180315787631,-0.013611273766867299,0,0
2023-11-30,0.0038310029,0.0055151535,0.0050120256,99.99527,-0.008940695307051535,-0.01363340725653782,0,0
2023-12-01,0.0052301944,0.0054971687,0.005766506,99.99973,-0.008911539569569759,-0.013588948517110667,0,0
2023-12-04,-0.0052848198,0.005487067,0.006993255,99.99991,-0.00889516441777872,-0.01356397852254226,0,0
2023-12-05,-0.00032781513,0.0054914495,0.0046333848,99.99977,-0.008902268306688377,-0.01357481103693677,0,0
2023-12-06,-0.004161653,0.005463306,0.0067919972,99.99911,-0.0088566445781878,-0.013505240735092405,0,0
2023-12-07,0.00732604,0.005446354,0.005715058,99.99719,-0.008829163322777635,-0.013463335364865527,0,0
2023-12-08,0.003914325,0.0054320605,0.007495052,99.996704,-0.008805992339514509,-0.013428002603764555,0,0
2023-12-11,0.004007153,0.0053918427,0.0034720227,99.99996,-0.008740794725830045,-0.013328584651470212,0,0
2023-12-12,0.015284668,0.0053492086,0.0053761667,99.99954,-0.008671679296734078,-0.013223192535956274,0,0
2023-12-13,0.013427988,0.0052992343,0.0062565734,99.9999,-0.008590665254611099,-0.013099656570147245,0,0
2023-12-14,0.0027793092,0.005383974,0.0065215044,99.99866,-0.008728037771942738,-0.013309131942063889,0,0
2023-12-15,-0.0012575982,0.005384896,0.004703456,99.999794,-0.008729532483509685,-0.013311411184429658,0,0
2023-12-18,0.0052295905,0.0054042847,0.0038549989,99.999664,-0.00876096447005756,-0.013359340910113433,0,0
2023-12-19,0.005669274,0.0053932196,0.0031409839,99.99999,-0.008743026243268223,-0.01333198742776332,0,0
2023-12-20,-0.014733809,0.00539344,0.009342803,99.99968,-0.008743383252298611,-0.013332531820490998,1,1
2023-12-21,0.00984662,0.005460937,0.0036726505,99.99737,-0.008852804410130423,-0.013499384974073632,0,0
2023-12-22,0.0017704649,0.0054353424,0.0053062667,99.98985,-0.0088113120272652,-0.013436114441501112,0,0
2023-12-26,0.0041016648,0.005381401,0.0038803853,99.999725,-0.00872386760263032,-0.013302772971691634,0,0
2023-12-27,0.0017601082,0.0053226273,0.0028351706,99.999344,-0.00862858839116541,-0.013157484462423413,0,0
2023-12-28,-0.00025864522,0.0052499278,0.0019531313,99.99315,-0.008510734055481002,-0.012977771800247465,0,0
2023-12-29,-0.0025382696,0.0052189664,0.006209234,99.9999,-0.008460541792981618,-0.012901235073261423,0,0
2024-01-02,-0.0068177944,0.0052041076,0.008309756,99.99961,-0.008436454233342598,-0.01286450465139861,0,0
2024-01-03,-0.0085486295,0.0051926207,0.004606731,99.99997,-0.00841783237223975,-0.012836108714889109,1,0
2024-01-04,-0.0035880157,0.005227211,0.0052342745,99.99995,-0.008473907265807249,-0.012921615695567644,0,0
2024-01-05,0.0011094382,0.0052247825,0.008702106,99.99913,-0.008469970882550193,-0.01291561321877829,0,0
2024-01-08,0.013947374,0.0051824013,0.009902946,99.99939,-0.00840126563404233,-0.012810846575759986,0,0
2024-01-09,-0.0017719413,0.0051378976,0.0053539146,99.98835,-0.008329120270149445,-0.012700834200453212,0,0
2024-01-10,0.0057214345,0.005168116,0.004952066,99.999886,-0.008378108154666879,-0.012775534406346113,0,0
2024-01-11,-0.0009859119,0.0051594637,0.00957994,99.9994,-0.008364081835338188,-0.012754146078352485,0,0
2024-01-12,0.00020764119,0.0051485454,0.006575048,99.99998,-0.008346381614569109,-0.01272715552448749,0,0
2024-01-16,-0.0037441542,0.005161105,0.0061639803,99.99968,-0.008366742101210023,-0.012758202640710986,0,0
2024-01-17,-0.005695044,0.0052021747,0.0071747135,99.99836,-0.008433320487409184,-0.012859726093011201,0,0
2024-01-18,0.008348601,0.005255219,0.005556118,99.999695,-0.008519311556133119,-0.01299085138249665,0,0
2024-01-19,0.012034337,0.005221904,0.006023075,99.99998,-0.008465303601372764,-0.012908496216924704,0,0
2024-01-22,0.0023588545,0.0051744394,0.0035661429,99.99992,-0.008388358449404647,-0.012791164783834685,0,0
2024-01-23,0.0028641592,0.005115951,0.003643669,100.0,-0.008293542590085561,-0.012646582826830049,0,0
2024-01-24,0.00061268255,0.0050671645,0.0063647875,99.34511,-0.008214453695949149,-0.012525982463413068,0,0
2024-01-25,0.005141923,0.0050717043,0.0037279255,99.99996,-0.00822181331473164,-0.012537204932882014,0,0
2024-01-26,-0.0014228368,0.0050801863,0.0051278346,99.99982,-0.008235563648355987,-0.012558172418270556,0,0
2024-01-29,0.00775021,0.005067984,0.005227664,99.99993,-0.008215782140899108,-0.012528008170631431,0,0
2024-01-30,-0.00070667814,0.005069568,0.0034662522,99.99997,-0.008218349567543182,-0.012531923165141125,0,0
2024-01-31,-0.016392976,0.0050472864,0.0071021006,99.99684,-0.008182229199993389,-0.012476844263092672,1,1
2024-02-01,0.011838081,0.0051054456,0.011191269,99.999916,-0.00827651165574934,-0.012620612848456898,0,0
2024-02-02,0.0104454085,0.005103972,0.009666682,99.99904,-0.00827412231162397,-0.01261696940682082,0,0
2024-02-05,-0.0036712054,0.0050936146,0.0058757327,90.32615,-0.008257332759279926,-0.012591367504854565,0,0
2024-02-06,0.0025662328,0.0050495984,0.002791655,91.52051,-0.008185977372815985,-0.012482559743243084,0,0
2024-02-07,0.008108152,0.0050108773,0.0045217713,98.920044,-0.008123205394955016,-0.012386840572743895,0,0
2024-02-08,0.0004983554,0.005079092,0.002279225,99.99547,-0.008233789575112777,-0.012555467185377927,0,0
2024-02-09,0.005217792,0.0050847577,0.0034069044,99.96626,-0.008242974750710235,-0.012569473393546568,0,0
2024-02-12,-0.0005453509,0.0050924225,0.0048993076,95.25498,-0.008255400015356544,-0.012588420319638522,0,0
2024-02-13,-0.01398275,0.0051126312,0.012429436,72.277596,-0.008288160446854376,-0.01263837575254066,1,1
2024-02-14,0.00936013,0.0052119093,0.005316172,97.533104,-0.008449101468142553,-0.012883790053347253,0,0
2024-02-15,0.0056634857,0.005159154,0.004468606,99.9987,-0.0083635796595153,-0.012753380324988493,0,0
2024-02-16,-0.005314802,0.0051381052,0.005398253,99.605896,-0.008329457023348322,-0.012701347705650245,0,0
2024-02-20,-0.005643666,0.005123044,0.008088568,79.308495,-0.008305040306447242,-0.012664115361414392,0,0
2024-02-21,0.0009511653,0.005166523,0.008680598,99.9674,-0.00837552553614917,-0.012771596246188432,0,0
2024-02-22,0.020111635,0.0051598903,0.008126577,94.396805,-0.008364773065588514,-0.012755200115335865,0,0
2024-02-23,0.0007353482,0.0051311306,0.00427029,98.3589,-0.008318150049400041,-0.012684106028646175,0,0
2024-02-26,-0.004174141,0.00507412,0.004023872,99.58467,-0.008225729442157183,-0.012543176522140721,0,0
2024-02-27,0.0019173576,0.005043469,0.003280569,73.449165,-0.008176040199473666,-0.012467406835499118,0,0
2024-02-28,-0.0017697379,0.005006599,0.0037130672,64.76401,-0.008116269460648308,-0.012376264167457678,0,0
2024-02-29,0.004467471,0.005005585,0.0065071383,71.825645,-0.008114626206316942,-0.01237375841653382,0,0
2024-03-01,0.00824415,0.004981415,0.0062886956,61.434723,-0.008075443832237003,-0.012314010349435672,0,0
2024-03-04,-0.0015071593,0.0049700853,0.003509895,99.99985,-0.008057077701006986,-0.012286004368000609,0,0
2024-03-05,-0.010270043,0.0049595386,0.0081845885,46.596447,-0.008039980091225373,-0.012259932718172405,1,0
2024-03-06,0.0050993003,0.0050021736,0.0065531624,99.95764,-0.00810909636431432,-0.012365326120666787,0,0
2024-03-07,0.009733858,0.0050129993,0.010056184,55.670795,-0.008126645510340043,-0.01239208630503236,0,0
2024-03-08,-0.0063649607,0.0049979216,0.009059483,99.90257,-0.008102203473649573,-0.012354815351383198,0,0
2024-03-11,-0.0011705034,0.0050319936,0.005197347,79.40678,-0.008157437750209348,-0.012439040499539821,0,0
2024-03-12,0.022819815,0.0050254925,0.007531225,43.936886,-0.008146898809872542,-0.012422969974739507,0,0
2024-03-13,-0.0016708442,0.0049508363,0.0039962535,28.38344,-0.008025872748570636,-0.012238420840056184,0,0
2024-03-14,-0.0027749885,0.005018011,0.008594516,98.03915,-0.00813477063075507,-0.012404476065763732,0,0
2024-03-15,-0.006778383,0.005065786,0.007590536,62.646107,-0.008212219646532034,-0.01252257582617863,0,0
2024-03-18,0.006155345,0.0051034763,0.0071415845,74.21485,-0.008273319674300329,-0.012615745488418876,0,0
2024-03-19,0.0051642633,0.005085219,0.0073161144,55.455624,-0.008243722528490198,-0.012570613658219675,0,0
2024-03-20,0.008548278,0.0050494354,0.006693998,43.656548,-0.008185713203013357,-0.012482156918364209,0,0
2024-03-21,0.0029747172,0.005014723,0.0037889357,37.237144,-0.008129440815088622,-0.012396348784261851,0,0
2024-03-22,-0.0017459835,0.0049992413,0.0027834245,30.358168,-0.008104342151859989,-0.0123580765598275,0,0
2024-03-25,-0.0028378207,0.0049954094,0.0026440248,30.502773,-0.008098130363529814,-0.012348604383761966,0,0
2024-03-26,-0.0024659755,0.004985492,0.004676194,28.040674,-0.00808205398525357,-0.012324089980270625,0,0
2024-03-27,0.0081335865,0.0049703997,0.0040129274,28.707605,-0.00805758662877371,-0.01228678041720815,0,0
2024-03-28,4.7095393e-05,0.0049378877,0.0026621604,34.961807,-0.008004880955180947,-0.012206411062460813,0,0
2024-04-01,-0.0024991173,0.0049456283,0.0064543877,25.904106,-0.008017429442802284,-0.012225545887697545,0,0
2024-04-02,-0.006584113,0.0049506202,0.0071465042,24.780739,-0.008025522491484083,-0.012237886743172055,0,0
2024-04-03,0.001139926,0.004987745,0.0048477636,22.175201,-0.008085705942876486,-0.012329658744650456,0,0
2024-04-04,-0.013236366,0.004990287,0.012957366,21.403654,-0.008089827160596084,-0.012335943070156978,1,1
2024-04-05,0.010669703,0.005068917,0.008929935,23.203327,-0.008217294576318628,-0.012530314439586517,0,0
2024-04-08,4.7590718e-05,0.0051168734,0.00424719,29.405523,-0.00829503730165251,-0.012648862069195818,0,0
2024-04-09,0.0013316214,0.005065818,0.0089003295,27.409248,-0.008212271130103792,-0.012522654331985695,0,0
2024-04-10,-0.010030653,0.005033205,0.013044738,29.367193,-0.008159400877879999,-0.012442034016051836,1,0
2024-04-11,0.0067936345,0.0051294127,0.010276476,38.027824,-0.008315365716560198,-0.012679860280162453,0,0
2024-04-12,-0.014552522,0.005130647,0.009846202,45.501827,-0.008317366823914932,-0.012682911710794434,1,1
2024-04-15,-0.012364467,0.005262332,0.014508941,52.012283,-0.008530843032213985,-0.01300843539629874,1,0
2024-04-16,-0.002255677,0.00541206,0.0060757026,57.510468,-0.008773568661215553,-0.01337856067605945,0,0
2024-04-17,-0.0059578205,0.0053902045,0.009338562,62.806072,-0.008738138679923109,-0.01332453452401393,0,0
2024-04-18,-0.0026208446,0.005363387,0.0077305683,80.34135,-0.008694664601541682,-0.013258242161359636,0,0
2024-04-19,-0.009002573,0.0053829676,0.012202745,78.02768,-0.008726407177506067,-0.013306645495846687,1,0
2024-04-22,0.00870544,0.005447222,0.009033493,95.731834,-0.0088305702590747,-0.013465480761265152,0,0
2024-04-23,0.011621167,0.005311676,0.00807709,96.52668,-0.008610834998838614,-0.013130412828790466,0,0
2024-04-24,0.00019580967,0.005206927,0.0077760513,86.494354,-0.008441025299320346,-0.012871474937481616,0,0
2024-04-25,-0.0049559707,0.005160126,0.015315876,99.92328,-0.008365154550415314,-0.012755781830496412,0,0
2024-04-26,0.009643937,0.005181509,0.005793977,98.301834,-0.008399819030075223,-0.012808640691279505,0,0
2024-04-29,0.0030160067,0.005129947,0.0048185177,99.999794,-0.008316230809364332,-0.012681179435117231,0,0
2024-04-30,-0.015665093,0.005095577,0.009187878,96.37493,-0.008260513768820203,-0.01259621813414682,1,1
2024-05-01,-0.0040539927,0.00513228,0.01237562,93.69954,-0.008320013585899094,-0.012686947681465836,0,0
2024-05-02,0.008877549,0.0051485603,0.009824399,98.210884,-0.008346406090365518,-0.012727192846920359,0,0
2024-05-03,0.012346137,0.005108275,0.0075780703,99.91903,-0.008281098757593702,-0.012627607587168334,0,0
2024-05-06,0.009989225,0.0050553256,0.005259662,96.86879,-0.008195261295592062,-0.012496716528123635,0,0
2024-05-07,0.0013915215,0.005012816,0.0031439837,99.99677,-0.008126348424811209,-0.012391633287916183,0,0
2024-05-08,-0.00019181892,0.004994338,0.003973117,94.01207,-0.008096393425977708,-0.01234595577800886,0,0
2024-05-09,0.005023093,0.0049754004,0.0057351487,99.95669,-0.008065694025336164,-0.012299143151350203,0,0
2024-05-10,0.0013828953,0.0049634795,0.0041595055,98.43404,-0.008046368274088292,-0.01226967387315067,0,0
2024-05-13,-0.00014296948,0.004934305,0.0041001015,99.771645,-0.007999073439488023,-0.012197555350027804,0,0
2024-05-14,0.0045649153,0.0049376576,0.0070222453,99.711296,-0.008004507910283945,-0.012205842217104702,0,0
2024-05-15,0.01197845,0.004912427,0.0056987554,99.99461,-0.007963607166497452,-0.012143473857823208,0,0
2024-05-16,-0.0023936369,0.0049202144,0.004244005,99.99831,-0.007976230769493976,-0.012162723224319428,0,0
2024-05-17,0.0013148629,0.0049157226,0.0028724177,91.854004,-0.007968948798065615,-0.0121516191570513,0,0
2024-05-20,0.00084435695,0.004901226,0.003233542,97.267715,-0.007945448657540427,-0.012115784473577291,0,0
2024-05-21,0.0025288016,0.004886737,0.002917056,99.88101,-0.007921960332916955,-0.012079967807829493,0,0
2024-05-22,-0.003232383,0.0048611024,0.0053436523,99.54216,-0.007880403806585279,-0.012016599464743254,0,0
2024-05-23,-0.008056011,0.0048649306,0.010909032,99.99948,-0.007886609686964596,-0.012026062631945682,1,0
2024-05-24,0.0068352968,0.0048730117,0.004004386,99.99892,-0.00789971014599462,-0.012046039142392585,0,0
2024-05-28,0.00061054365,0.004844046,0.005606994,99.97692,-0.007852753752579185,-0.011974436698427638,0,0
2024-05-29,-0.0076823756,0.0048528127,0.0058058403,88.20008,-0.00786696490637042,-0.011996106875138433,0,0
2024-05-30,-0.005884045,0.004894151,0.0047840886,88.20594,-0.007933978792947076,-0.012098294409347591,0,0
2024-05-31,0.008058061,0.0048975996,0.012582615,99.42715,-0.007939569402444233,-0.012106819367806571,0,0
2024-06-03,0.00033041468,0.004861995,0.008902001,94.86902,-0.007881850410552388,-0.012018805349223734,0,0
2024-06-04,0.001273435,0.004847744,0.0067061572,99.84062,-0.007858747790720613,-0.0119835768335387,0,0
2024-06-05,0.011621499,0.00485056,0.005043947,70.62792,-0.007863312948747503,-0.011990538110758602,0,0
2024-06-06,-0.00037278657,0.004828288,0.0036687432,99.22956,-0.007827207773071344,-0.011935482374358134,0,0
2024-06-07,-0.0015392153,0.00481635,0.0074222265,85.369385,-0.007807855014048123,-0.0119059719127844,0,0
2024-06-10,0.002889906,0.0047978098,0.0043885596,83.91392,-0.007777798736057067,-0.011860139965223834,0,0
2024-06-11,0.0023709363,0.0047952137,0.00662488,80.24468,-0.0077735905870605655,-0.011853723080731612,0,0
2024-06-12,0.00804703,0.004874384,0.00837415,80.97918,-0.007901934911488958,-0.012049431622842142,0,0
2024-06-13,0.0020246648,0.004846819,0.00575596,68.26449,-0.007857248859188766,-0.011981291156270713,0,0
2024-06-14,-0.00018389114,0.0048241075,0.005900563,73.474014,-0.007820430509444807,-0.01192514792139533,0,0
2024-06-17,0.019802628,0.0048386306,0.0074870205,69.71297,-0.007843973693611957,-0.011961048240871967,0,0
2024-06-18,0.0024311196,0.004823619,0.002365448,32.268047,-0.007819638844029902,-0.011923940733739152,0,0
2024-06-20,-0.0027466977,0.0048097773,0.0077154287,31.18604,-0.007797199602680127,-0.011889723784682858,0,0
2024-06-21,-0.0018503898,0.0048339046,0.003872759,30.14371,-0.007836312769335736,-0.011949366319384624,0,0
2024-06-24,-0.0031218214,0.0048067714,0.0056710197,27.638012,-0.007792326387215666,-0.011882292759601011,0,0
2024-06-25,0.0036186036,0.0047892043,0.0028212268,28.365597,-0.007763848376096543,-0.01183886746547014,0,0
2024-06-26,0.0011732323,0.004753669,0.0044346293,25.133362,-0.007706241635270991,-0.011751024615286312,0,0
2024-06-27,0.00045087695,0.0047244607,0.0047970987,23.828054,-0.007658891941127044,-0.011678822438434608,0,0
2024-06-28,-0.0044273846,0.0046899044,0.008974337,19.901321,-0.007602871907103221,-0.011593399111484912,0,0
2024-07-01,0.0022161426,0.004685132,0.004672967,20.953453,-0.0075951350234588315,-0.011581601361757636,0,0
2024-07-02,0.006304907,0.004630204,0.007593081,20.389002,-0.007506090388134547,-0.011445819777026928,0,0
2024-07-03,0.0038533967,0.0045924764,0.003479469,18.704832,-0.007444930436864697,-0.011352558739175182,0,0
2024-07-05,0.0055745235,0.0045790747,0.003913557,19.415287,-0.0074232043695827196,-0.011319429288593802,0,0
2024-07-08,0.0006668593,0.0045686476,0.0030270345,20.662607,-0.007406300878186424,-0.011293653644267647,0,0
2024-07-09,0.0010660508,0.004544109,0.0024158123,18.418509,-0.0073665209570768974,-0.011232994395015369,0,0
2024-07-10,0.01002725,0.004525178,0.0041896887,18.18397,-0.007335831684351109,-0.011186197212122037,0,0
2024-07-11,-0.008518954,0.0045892512,0.008378251,20.886915,-0.007439701900355807,-0.011344585895326543,1,0
2024-07-12,0.0044230246,0.0046014152,0.010469346,21.935345,-0.007459420952332193,-0.011374654906412837,0,0
2024-07-15,0.0032164995,0.0045883693,0.0066114347,20.487467,-0.007438272176248291,-0.011342405750454938,0,0
2024-07-16,0.006008658,0.004599802,0.005120227,18.85616,-0.007456806262081258,-0.011370667840998296,0,0
2024-07-17,-0.013781176,0.004610423,0.006753145,20.305788,-0.00747402371886598,-0.011396922242049502,1,1
2024-07-18,-0.007922772,0.0046493625,0.010455084,23.022003,-0.007537149329785419,-0.011493180657354595,1,0
2024-07-19,-0.007310597,0.0047009722,0.006286556,23.464306,-0.007620814353857458,-0.011620759028737245,0,0
2024-07-22,0.010211025,0.004774832,0.0060130223,26.576841,-0.0077405499498934905,-0.011803340370322171,0,0
2024-07-23,-0.0020517402,0.004719216,0.005210442,28.776766,-0.007650389555850117,-0.01166585739744491,0,0
2024-07-24,-0.02298848,0.004701744,0.009304193,29.272758,-0.007622065151453289,-0.011622666333754788,1,1
2024-07-25,-0.0056353663,0.0049083605,0.012116246,17.065886,-0.007957014737333458,-0.012133421253577572,0,0
2024-07-26,0.010557444,0.0049769576,0.0088424925,17.857016,-0.008068218408338277,-0.012302992509857271,0,0
2024-07-29,0.0007271406,0.0049057063,0.006829204,20.602264,-0.007952711217130258,-0.012126858940295214,0,0
2024-07-30,-0.0055578477,0.0048790444,0.0116425585,19.032299,-0.007909489492649746,-0.012060951384793581,0,0
2024-07-31,0.015502781,0.0049314797,0.013122122,17.915009,-0.007994493089587499,-0.012190570907159918,0,0
2024-08-01,-0.014087611,0.0049026506,0.016913911,19.925575,-0.007947757822332731,-0.012119305652071217,1,1
2024-08-02,-0.019206118,0.0050586085,0.015512163,23.175556,-0.008200583515321692,-0.012504832226801522,1,1
2024-08-05,-0.029926244,0.0057330765,0.027441455,18.63762,-0.009293973044477639,-0.014172110243675701,1,1
2024-08-06,0.009300174,0.008156158,0.015984071,9.480569,-0.013204584978903583,-0.02022755968099358,0,0
2024-08-07,-0.007385382,0.0076031396,0.021708697,9.803929,-0.012319706858057994,-0.01881723934374126,0,0
2024-08-08,0.022836253,0.007443809,0.017459221,9.637118,-0.012056388519981318,-0.01844220287070227,0,0
2024-08-09,0.0041050576,0.0069893016,0.008303244,13.464747,-0.011330458052939555,-0.01727748723491457,0,0
2024-08-12,-9.310987e-05,0.0063123708,0.006418,12.512971,-0.010233075592996917,-0.015604120513561312,0,0
2024-08-13,0.01648427,0.006117098,0.0071668336,8.500045,-0.00987185585659923,-0.015279196217190177,0,0
2024-08-14,0.003291883,0.005757399,0.005942056,14.190009,-0.009333402708500613,-0.01423223539604385,0,0
2024-08-15,0.016388614,0.0054683457,0.008356674,13.593833,-0.008864814430230747,-0.013517698705787291,0,0
2024-08-16,0.001928987,0.005304499,0.0062314104,13.758833,-0.008599200555614231,-0.013112671803374247,0,0
2024-08-19,0.009234335,0.0052302247,0.0066743535,12.702627,-0.008478793141166403,-0.012929066025356145,0,0
2024-08-20,-0.0018222632,0.0051581142,0.004394761,12.57433,-0.008361893361541972,-0.012750808938062007,0,0
2024-08-21,0.0038628087,0.005198586,0.004642824,12.663301,-0.008427502843800502,-0.012850854936812869,0,0
2024-08-22,-0.008455393,0.0052232523,0.00891056,12.159707,-0.008467490387183021,-0.012911830783254296,0,0
2024-08-23,0.01040333,0.005320474,0.0053880718,13.092551,-0.008625097636201607,-0.013152161511308326,0,0
2024-08-26,-0.0027459161,0.0052269753,0.0059881024,12.8340435,-0.00847352578098045,-0.012921033980407098,0,0
2024-08-27,0.0013739006,0.00520936,0.0044866297,11.454936,-0.008444968434521239,-0.01287748771011452,0,0
2024-08-28,-0.006130628,0.005167612,0.00862474,7.477848,-0.008299656915035791,-0.01302693174524702,0,0
2024-08-29,-4.4562286e-05,0.00526331,0.012491448,7.473726,-0.008453156773610485,-0.01326872567149209,0,0
2024-08-30,0.009049836,0.005217661,0.007552168,6.944737,-0.008351267734131829,-0.013228419167557261,0,0
2024-09-03,-0.02129022,0.0051547666,0.014581374,7.2318664,-0.00826673324051838,-0.013027698203496273,1,1
2024-09-04,-0.0021225198,0.005603006,0.0073789502,9.569167,-0.009073290222018844,-0.013887628988011238,0,0
2024-09-05,-0.0032149272,0.00580853,0.008436134,9.581467,-0.009406418055853655,-0.014395899548452539,0,0
2024-09-06,-0.016969329,0.005777096,0.014434298,7.117058,-0.009257815559064393,-0.01461862435740676,1,1
2024-09-09,0.011010296,0.0060720826,0.008168508,9.728628,-0.00983699723012805,-0.015035020381247764,0,0
2024-09-10,0.0044612447,0.0059119766,0.0072398344,10.542938,-0.00958399097610054,-0.014614350185617943,0,0
2024-09-11,0.010347802,0.0058266716,0.018779444,10.794001,-0.009445701882393008,-0.014403477152939454,0,0
2024-09-12,0.0073454,0.00586491,0.006886412,11.230164,-0.009507690634768869,-0.014498002005586902,0,0
2024-09-13,0.0048967334,0.005875968,0.0043629757,11.500596,-0.00952561704565649,-0.014525337470210805,0,0
2024-09-16,0.0014643566,0.0058822827,0.0036877578,11.930474,-0.009535853836506585,-0.01454094725601228,0,0
2024-09-17,0.010980641,0.0059174234,0.0073115164,11.13875,-0.009592820830653567,-0.014627814575019792,0,0
2024-09-18,-0.0035588008,0.0059798844,0.009691702,10.842328,-0.00969407720040031,-0.014782217479790201,0,0
2024-09-19,0.01710637,0.005956292,0.009329265,11.18508,-0.009655831658527776,-0.014723897960984543,0,0
2024-09-20,-0.0027729655,0.005848537,0.005095412,12.135614,-0.009481148743545047,-0.014457529044593846,0,0
2024-09-23,0.002556604,0.0058103614,0.0045445496,11.1676035,-0.009419261270326744,-0.014363158629599642,0,0
2024-09-24,0.0026364143,0.005802813,0.0044332137,10.1750555,-0.009407024216114897,-0.01434449870014663,0,0
2024-09-25,-0.0022469978,0.0058023115,0.0034798095,10.277392,-0.0094062114508755,-0.01434325933797936,0,0
2024-09-26,0.0044028214,0.0058352547,0.005888473,10.222835,-0.009459615950655408,-0.014424694312534072,0,0
2024-09-27,-0.002285321,0.0058393874,0.0046080826,6.9456477,-0.00934644977873835,-0.01480453746008821,0,0
2024-09-30,0.003963643,0.0059769773,0.007114599,7.110975,-0.009577735184383011,-0.015125421003758587,0,0
2024-10-01,-0.009417729,0.00594933,0.009705521,7.0750084,-0.009531106457828469,-0.015061413013548892,0,0
2024-10-02,8.680556e-05,0.0062082997,0.006058009,10.23986,-0.010064364772338144,-0.015346858270790142,0,0
2024-10-03,-0.0018679821,0.0062266267,0.005362593,10.340106,-0.010094075013207547,-0.015392162556368796,0,0
2024-10-04,0.008745023,0.006398486,0.0051827463,7.0694394,-0.010250284577861878,-0.01619950002374482,0,0
2024-10-07,-0.009571523,0.006298284,0.0066083265,7.0631957,-0.010089330223071527,-0.015946913973446677,0,0
2024-10-08,0.009657727,0.0067052618,0.008557059,10.424466,-0.010869997427063655,-0.016575344166330715,0,0
2024-10-09,0.0070006945,0.0066226497,0.0066211424,7.271602,-0.010623454310280738,-0.016730446696153065,0,0
2024-10-10,-0.002099356,0.0062371166,0.0038721852,10.381678,-0.0101110797837614,-0.015418092638348193,0,0
2024-10-11,0.0052614813,0.0061544618,0.0055362685,7.2466626,-0.009870879983925475,-0.015551793922131374,0,0
2024-10-14,0.008242738,0.0060756863,0.005957888,7.373395,-0.009752140944124727,-0.015332389405629013,0,0
2024-10-15,-0.0077309026,0.005924095,0.0056955214,10.668221,-0.009603635756694717,-0.014644305942425192,0,0
2024-10-16,0.0041277534,0.0059647337,0.0038793485,11.093324,-0.009669516160699712,-0.014744765061898478,0,0
2024-10-17,0.0,0.0059220362,0.0066974014,10.455558,-0.009600298608453206,-0.014639217221750855,0,0
2024-10-18,0.0032222532,0.0058486043,0.0043196715,10.603328,-0.009481256774646441,-0.01445769377809064,0,0
2024-10-21,-0.0016522277,0.00574687,0.0058459733,9.82635,-0.00931242901456441,-0.01422113634654835,0,0
2024-10-22,-0.0006361998,0.0057116495,0.0050949496,6.7251444,-0.009126578053057752,-0.014518020439387151,0,0
2024-10-23,-0.009334907,0.005676731,0.009912802,6.2749357,-0.009033876352191217,-0.01451152861292193,1,0
2024-10-24,0.0019252578,0.0058018668,0.005720538,6.496689,-0.009252660282688806,-0.014788846884533434,0,0
2024-10-25,-0.00051303976,0.0057775076,0.0078857355,8.94116,-0.009338440157330865,-0.01438218846321161,0,0
2024-10-28,0.0026478767,0.005925588,0.0032776876,8.23025,-0.009552396520893847,-0.014833923809171357,0,0
2024-10-29,0.0016194335,0.005797675,0.005564167,7.6407924,-0.009319995749365954,-0.014591723787299763,0,0
2024-10-30,-0.0032414938,0.0057544457,0.005444401,7.63275,-0.009250104356371776,-0.014484054517669393,0,0
2024-10-31,-0.019585632,0.0058229663,0.00801786,7.1617675,-0.009334094154507672,-0.014727529818439711,1,1
2024-11-01,0.003435757,0.006106597,0.008556128,4.983472,-0.009688727219703562,-0.015669393728817187,0,0
2024-11-04,-0.002608357,0.0061147977,0.006423022,4.742796,-0.009701738256728012,-0.0156904362308232,0,0
2024-11-05,0.011942507,0.0059663905,0.008660478,4.575838,-0.009466275495516145,-0.01530962679835204,0,0
2024-11-06,0.024809055,0.005750516,0.011040539,4.398617,-0.009123769152836973,-0.014755697823332206,0,0
2024-11-07,0.00760746,0.005404694,0.006019328,4.091151,-0.008575087776560535,-0.013868325899075695,0,0
2024-11-08,0.0035746982,0.005224268,0.005623476,4.245986,-0.00828882415015452,-0.013405357196306072,0,0
2024-11-11,0.0010782119,0.0051355497,0.004655193,4.4141645,-0.008148063532620372,-0.013177707734448122,0,0
2024-11-12,-0.0031133923,0.005088725,0.0056062276,4.237832,-0.008073771497512337,-0.013057556643120511,0,0
2024-11-13,0.0004987946,0.00503603,0.0051003355,4.0216856,-0.007990165698992892,-0.012922342579879145,0,0
2024-11-14,-0.0062947036,0.005027388,0.005917653,4.1442914,-0.007976454297363328,-0.012900167391556095,0,0
2024-11-15,-0.013768928,0.0050088284,0.008535084,3.9962277,-0.007947007313714487,-0.012852543346575101,1,1
2024-11-18,0.0039774943,0.0050911848,0.005140082,4.1786737,-0.00807767417521499,-0.013063868369329006,0,0
2024-11-19,0.0031622245,0.005050644,0.010888789,4.34866,-0.008013351929795765,-0.012959841228700487,0,0
2024-11-20,-0.00016839978,0.00509612,0.009288647,4.5046983,-0.008085503961943732,-0.013076531334059378,0,0
2024-11-21,0.0055004023,0.005170889,0.00882765,4.291019,-0.00820413341990183,-0.013268388493666608,0,0
2024-11-22,0.0027597758,0.005172286,0.0058948244,4.4406652,-0.008206349431423692,-0.013271972406832526,0,0
2024-11-25,0.0032517642,0.005098554,0.0067636115,4.479921,-0.008089365920773995,-0.013082777206412231,0,0
2024-11-26,0.0052720187,0.005010842,0.007542432,4.6275105,-0.00795020238790138,-0.012857710679114447,0,0
2024-11-27,-0.0038578855,0.0049614497,0.00474463,4.79873,-0.007871836655826652,-0.012730971275384646,0,0
2024-11-29,0.006049826,0.004932127,0.0037348487,4.9534264,-0.007825313081961147,-0.012655729586766579,0,0
2024-12-02,0.0016923621,0.004886609,0.0036485095,5.1569476,-0.007753094089889692,-0.012538931188400633,0,0
2024-12-03,0.0002474227,0.004855417,0.0027122155,5.1690674,-0.007703605277250341,-0.012458893875672844,0,0
2024-12-04,0.0057968795,0.0048255073,0.003234182,5.0990047,-0.007656150598502843,-0.012382146328889105,0,0
2024-12-05,-0.0016000331,0.004822423,0.0029131507,5.129527,-0.0076512570949053595,-0.012374232158859999,0,0
2024-12-06,0.0016820172,0.004811661,0.0038208656,5.9637012,-0.007634181409552525,-0.01234661597864194,0,0
2024-12-09,-0.0054666284,0.004774142,0.004308829,5.9552813,-0.007574654490005131,-0.01225034422707948,0,0
2024-12-10,-0.00321995,0.004783733,0.0036565233,5.905046,-0.00758987113261739,-0.012274953812932747,0,0
2024-12-11,0.0076612947,0.004764996,0.005222351,5.9805465,-0.007560143188749056,-0.012226875376347828,0,0
2024-12-12,-0.005265985,0.0048925187,0.0026559646,6.2625985,-0.007784912870940243,-0.012508888058126182,0,0
2024-12-13,-0.0008666048,0.004927625,0.0050380346,6.0006704,-0.00781823172336451,-0.012644056960240341,0,0
2024-12-16,0.0041199797,0.00491306,0.0037519156,5.5481224,-0.007795061674366639,-0.012606804562281911,0,0
2024-12-17,0.0076591065,0.0049334834,0.0037786004,5.6758366,-0.007827465753014847,-0.0126592110606015,0,0
2024-12-18,-0.030994816,0.0049641836,0.020827506,6.00479,-0.007876619285997687,-0.012737123373561567,1,1
2024-12-19,-0.0010526981,0.0053285416,0.00861627,4.436209,-0.008454264928676347,-0.013672921411777903,0,0
2024-12-20,0.011352572,0.0057481215,0.021102129,4.8069053,-0.009119970534474872,-0.014749554390310352,0,0
2024-12-23,0.0056904475,0.005363971,0.008478275,4.6773186,-0.008510476879579253,-0.013763831927781628,0,0
2024-12-24,0.010219308,0.0051313844,0.00525141,4.424273,-0.008141455312063341,-0.013167020385386998,0,0
2024-12-26,-0.00045106924,0.004950648,0.00512558,4.6328044,-0.007854698534869486,-0.012703254119254603,0,0
2024-12-27,-0.011260405,0.0048969663,0.011361224,4.5731435,-0.007769527321922591,-0.01256550834111857,1,0
2024-12-30,-0.011388647,0.0049721757,0.011924203,4.439581,-0.007888854429894308,-0.012758493796785793,1,0
2024-12-31,-0.0038673384,0.0050388677,0.0075807306,4.6682734,-0.007994668301415429,-0.01292962455289409,0,0
2025-01-02,-0.0032483311,0.005075073,0.013941122,4.7609715,-0.008052110867128355,-0.013022525318757206,0,0
2025-01-03,0.012262878,0.005141158,0.007211055,4.6680737,-0.008156961963533401,-0.013192098997034335,0,0
2025-01-06,0.005162376,0.0050126086,0.0099116955,4.604922,-0.007953005656049495,-0.012862244351220617,0,0
2025-01-07,-0.011065062,0.004968712,0.010564617,4.6905274,-0.007883359191849279,-0.012749606453112206,1,0
2025-01-08,0.0008393839,0.005116182,0.006886393,4.9193916,-0.008117334356923153,-0.013128010024723927,0,0
2025-01-09,-0.002436157,0.00513776,0.0031232354,4.6266294,-0.008151570784828924,-0.013183379946547386,0,0
2025-01-10,-0.013292889,0.0051811864,0.0109543605,4.717116,-0.008220470736368652,-0.013294810523969034,1,0
2025-01-13,0.0014053619,0.0053427205,0.008918242,4.7683744,-0.008476760748376246,-0.013709303471891367,0,0
2025-01-14,0.0013183918,0.0053387205,0.009123555,4.860426,-0.008470414938330175,-0.013699040514344377,0,0
2025-01-15,0.017985111,0.005345196,0.010294234,4.956062,-0.008480688762266165,-0.01371565617383226,0,0
2025-01-16,-0.002256677,0.005155284,0.0064415424,4.981812,-0.008179374535760859,-0.013228346422598486,0,0
2025-01-17,0.009659497,0.005105217,0.0073228646,4.9286194,-0.00809993744491035,-0.013099874330755806,0,0
2025-01-21,0.008376191,0.0050997594,0.010248169,4.889468,-0.008091278802912508,-0.013085870874208372,0,0
2025-01-22,0.0059403274,0.0050074966,0.004954081,4.7398906,-0.007944894456669346,-0.012849126263176809,0,0
2025-01-23,0.00513344,0.0050033303,0.0051181912,4.8842745,-0.007938284426384652,-0.012838435987277656,0,0
2025-01-24,-0.0030524433,0.0049654706,0.0043866755,4.9969816,-0.007878215945834467,-0.012741288379435164,0,0
2025-01-27,-0.014203851,0.0049352814,0.017555688,5.1150184,-0.00783031788380983,-0.01266382375733444,1,1
2025-01-28,0.008275909,0.0050666556,0.00875854,5.184777,-0.008038755981848163,-0.013000926717525776,0,0
2025-01-29,-0.0048501883,0.0050214855,0.007699447,5.7103314,-0.007967089861577388,-0.012885022468177541,0,0
2025-01-30,0.005219154,0.005001869,0.0061902455,5.2994785,-0.007935966165249896,-0.012834686707763127,0,0
2025-01-31,-0.005260358,0.004983605,0.009648341,5.815044,-0.007906987901065459,-0.01278782071383152,0,0
2025-02-03,-0.007444511,0.005056254,0.014325038,5.277626,-0.008022253075300287,-0.012974236881543741,0,0
2025-02-04,0.0067437836,0.0051494855,0.009599388,5.1189203,-0.008170174785192141,-0.013213467841480527,0,0
2025-02-05,0.0038684767,0.005095829,0.007076719,4.9690413,-0.008085042481389975,-0.013075784990362107,0,0
2025-02-06,0.0031986905,0.005040059,0.004172654,5.029821,-0.007996557657094339,-0.01293268017179586,0,0
2025-02-07,-0.00929627,0.0050084186,0.008596245,5.116811,-0.007946357621483904,-0.012851492611722864,1,0
2025-02-10,0.006467182,0.0050914246,0.005990728,5.079769,-0.008078055122887798,-0.013064484468734008,0,0
2025-02-11,0.0005746655,0.0050392747,0.0047196816,5.274045,-0.007995313469326857,-0.012930667970651257,0,0
2025-02-12,-0.0032059213,0.0051346114,0.008825239,5.59828,-0.00814657503161855,-0.013175300410169668,0,0
2025-02-13,0.010239277,0.0051550954,0.008011415,5.736447,-0.008179075025832832,-0.013227862030904767,0,0
2025-02-14,-0.00052986614,0.005139264,0.0029394487,5.62186,-0.008153956910750996,-0.013187238982487984,0,0
2025-02-18,0.0024025259,0.0051306766,0.0044684564,5.356806,-0.008140332376049199,-0.013165204282390304,0,0
2025-02-19,0.0026401852,0.005115338,0.0038177662,5.2906556,-0.008115996063317258,-0.013125845628001839,0,0
2025-02-20,-0.004309125,0.00508116,0.0063082413,5.2537456,-0.008061769383659335,-0.013038145853315395,0,0
2025-02-21,-0.017673388,0.0050832825,0.008729768,5.254144,-0.008065136381974099,-0.013043591235467448,1,1
2025-02-24,-0.004696698,0.0052405857,0.0074970745,4.98962,-0.008314714114084108,-0.013447228541142017,0,0
2025-02-25,-0.005137534,0.005302451,0.010217283,5.201338,-0.008412869218140526,-0.013605972918713636,0,0
2025-02-26,0.00012562025,0.0053350017,0.009171351,5.346312,-0.008464514321288903,-0.013689497558952402,0,0
2025-02-27,-0.015953744,0.0053070197,0.012848169,5.30406,-0.008420118082289834,-0.013617696368436856,1,1
2025-02-28,0.014696831,0.005475939,0.012071194,5.4785824,-0.008688125176043697,-0.014051139129174812,0,0
2025-03-03,-0.017338052,0.0054670614,0.018205041,5.7411847,-0.008674040065651973,-0.014028359548798875,1,1
2025-03-04,-0.01223165,0.0057687676,0.014451343,5.888247,-0.009152727510017129,-0.0148025316220455,1,0
2025-03-05,0.010609382,0.0059873154,0.014306817,5.8986163,-0.009499474949471712,-0.01536331964198516,0,0
2025-03-06,-0.018107846,0.005899487,0.012431555,6.190772,-0.009380162286189906,-0.015098012524073926,1,1
2025-03-07,0.0051639336,0.006398191,0.01451725,6.0710516,-0.010159729146448844,-0.016401253542063204,0,0
2025-03-10,-0.027246295,0.0063625053,0.018212568,6.1016498,-0.010106544163802238,-0.016302852091251922,1,1
2025-03-11,-0.007814109,0.0070744874,0.014024765,5.6473923,-0.011224382485482744,-0.018152979698942334,0,0
2025-03-12,0.0049634553,0.006896179,0.0154747125,5.650402,-0.010941478618480842,-0.01769544467097265,0,0
2025-03-13,-0.013878819,0.0066917576,0.012222117,5.858375,-0.010617143751253718,-0.017170904076597143,1,0
2025-03-14,0.020148432,0.0068471814,0.008350833,5.9748206,-0.010863739052177095,-0.017569717953200715,0,0
2025-03-17,0.00711118,0.006536463,0.012230846,6.177534,-0.01039148395381352,-0.01673117179696778,0,0
2025-03-18,-0.001938412,0.0063218446,0.00848464,6.259026,-0.010058869540298299,-0.016164068998867107,0,0
2025-03-19,0.010615066,0.0063643325,0.012402394,6.0922804,-0.010108386794628017,-0.016309649592373358,0,0
2025-03-20,-0.0029713807,0.0062499996,0.010012345,6.1236825,-0.009930261151284838,-0.016009708544625356,0,0
2025-03-21,0.00096229557,0.006161089,0.009007888,6.060474,-0.009782054365311512,-0.015795789606608667,0,0
2025-03-24,0.016863951,0.0061407583,0.006777506,5.7726407,-0.009742927658310387,-0.015757051064352216,0,0
2025-03-25,0.0018897102,0.005914358,0.0040006996,5.9375706,-0.009383721148768202,-0.015176113228005241,0,0
2025-03-26,-0.011565812,0.0058655906,0.008461785,6.002497,-0.009306621041770895,-0.015050445254193901,1,0
2025-03-27,-0.0035221255,0.005940701,0.007344794,6.25233,-0.009451771283330591,-0.015190896303758316,0,0
2025-03-28,-0.02046321,0.0059779375,0.012648824,6.330167,-0.009518472644859492,-0.015270362551245139,1,1
2025-03-31,0.0053652716,0.0063394597,0.016088013,6.139387,-0.01007413551692736,-0.016235362015662048,0,0
2025-04-01,0.0037518528,0.0064454596,0.011356397,6.2942686,-0.010259224906152074,-0.016472418261682005,0,0
2025-04-02,0.006630538,0.0065153865,0.025442211,6.3791533,-0.010379183422629728,-0.016632611417302073,0,0
2025-04-03,-0.050167542,0.006438928,0.013899882,6.3765416,-0.01025712571694742,-0.01643798454385786,1,1
2025-04-04,-0.061197124,0.007772026,0.03160516,4.9718227,-0.012331097910591756,-0.019942849446386725,1,1
2025-04-07,-0.0025471481,0.009870087,0.062588826,4.5101786,-0.015659881111184694,-0.025326427023210987,0,0
2025-04-08,-0.015221445,0.010909983,0.04865637,4.3303876,-0.017309780864797453,-0.027994778424400273,0,0
2025-04-09,0.089630656,0.013033354,0.06710689,4.4399214,-0.020678721017341712,-0.03344330107365828,0,0
2025-04-10,-0.035026282,0.010288162,0.04506426,4.1423044,-0.016323198781333485,-0.02639919803896481,1,1
2025-04-11,0.016693162,0.010978164,0.02615346,4.1086864,-0.01741795733578104,-0.028169730167554797,0,0
2025-04-14,0.00913965,0.011115112,0.01379998,4.0830474,-0.01763523866803872,-0.028521135121772477,0,0
2025-04-15,-0.0023001207,0.010418361,0.009334852,3.9200807,-0.016529771955016342,-0.026733284892567762,0,0
2025-04-16,-0.02282566,0.01026836,0.020049056,3.7460766,-0.016291781909124784,-0.02634838813078978,1,0
2025-04-17,0.0013184538,0.0109677315,0.0113661885,3.8390288,-0.017401403756858634,-0.028142958380107965,0,0
2025-04-21,-0.024387967,0.011046232,0.02130328,3.806472,-0.01752595283399845,-0.02834438922690647,1,0
2025-04-22,0.02476435,0.011735823,0.016207924,3.9061337,-0.0186200580767601,-0.030113864766968163,0,0
2025-04-23,0.016237002,0.011519081,0.015658103,3.8873508,-0.01827617543619413,-0.029557709931627645,0,0
2025-04-24,0.020068483,0.011199302,0.0211879,3.85388,-0.01776881466675555,-0.028737165036657217,0,0
2025-04-25,0.006961424,0.010923802,0.010240618,3.7629244,-0.017331705715420056,-0.02803023706711574,0,0
2025-04-28,0.00058544055,0.010576243,0.011036001,3.8460097,-0.01678026721905088,-0.027138406105122786,0,0
2025-04-29,0.0055222716,0.010556235,0.008491554,3.8630722,-0.016748522786135395,-0.027087066439264593,0,0
2025-04-30,0.0005818768,0.010491949,0.021776235,3.7901723,-0.016646526535116824,-0.02692210984797745,0,0
2025-05-01,0.006467318,0.010698983,0.010100278,3.8460867,-0.016975008393280942,-0.0274533572916953,0,0
2025-05-02,0.015134089,0.010672178,0.010813917,3.6900592,-0.01693247979322884,-0.027384576598025182,0,0
2025-05-05,-0.006546165,0.010342229,0.005205899,3.7448,-0.016408981682230067,-0.026537933088354483,0,0
2025-05-06,-0.00814344,0.010422439,0.007305163,3.6740208,-0.016536243541134907,-0.026743751265357732,0,0
2025-05-07,0.004655192,0.010682058,0.01072182,3.504813,-0.016948153844507617,-0.027409925942190157,0,0
2025-05-08,0.005733708,0.010506217,0.0121754,3.3054557,-0.016669166228165836,-0.02695872459171418,0,0
2025-05-09,-0.0011441145,0.010140692,0.0064553483,3.4065936,-0.01608922271139578,-0.026020793003934076,0,0
2025-05-12,0.032403424,0.00991817,0.013249034,3.470332,-0.015736170180767516,-0.025449807880303068,0,0
2025-05-13,0.00671229,0.008887658,0.010271814,3.1829228,-0.014101159056628317,-0.02280553557557438,0,0
2025-05-14,0.00067722006,0.008486101,0.0041331523,3.2587857,-0.013464049862477592,-0.02177515102814952,0,0
2025-05-15,0.0041801315,0.008620518,0.008756239,3.3024073,-0.013677315409053753,-0.02212006132878192,0,0
2025-05-16,0.0070956526,0.008540936,0.0049071987,3.2988386,-0.013551049805226726,-0.02191585437611337,0,0
2025-05-19,0.0011707644,0.0084781675,0.009873923,3.067787,-0.01345146139686217,-0.021754791942823166,0,0
2025-05-20,-0.003810007,0.008500006,0.007633496,3.108055,-0.01348611044267483,-0.02181082918371713,0,0
2025-05-21,-0.016665643,0.008460365,0.009000556,3.1857955,-0.013423216072380758,-0.02170911131829311,1,0
2025-05-22,-0.0007680492,0.008775363,0.007990595,3.278206,-0.013922991368324941,-0.022517388371667012,0,0
2025-05-23,-0.006810177,0.008838115,0.012900878,3.3002362,-0.014022554440502233,-0.022678409829224817,0,0
2025-05-27,0.019955985,0.009256066,0.009693539,3.3580153,-0.014685674850335888,-0.02375086181963353,0,0
2025-05-28,-0.005322307,0.0087758005,0.0063087395,3.2710688,-0.013923686303747069,-0.02251851227746996,0,0
2025-05-29,0.003382524,0.008689883,0.014746581,3.2125478,-0.013787369472486452,-0.022298049666391033,0,0
2025-05-30,-0.0011403232,0.008651603,0.009531283,3.2701924,-0.013726634107292897,-0.02219982351873503,0,0
2025-06-02,0.005268383,0.008646403,0.009214268,3.162158,-0.01371838446374662,-0.022186481527582045,0,0
2025-06-03,0.0057424447,0.008550873,0.009137483,3.1413085,-0.013566816152616255,-0.0219413529890178,0,0
2025-06-04,-8.359457e-05,0.008386694,0.0029510972,3.0329938,-0.013306329382160966,-0.021520072703707337,0,0
2025-06-05,-0.0058690533,0.008299464,0.009962593,3.1107016,-0.013167931364089289,-0.021296244228895617,0,0
2025-06-06,0.010165112,0.008356863,0.008081732,3.2222507,-0.013258999574622132,-0.021443527108747567,0,0
2025-06-09,0.0005825081,0.0081094755,0.004176686,3.0064902,-0.012866494980966812,-0.020808736916094916,0,0
2025-06-10,0.005765139,0.007963644,0.005950472,3.0872371,-0.012635118584815272,-0.020434536283892146,0,0
2025-06-11,-0.0026503245,0.007859257,0.007955621,3.208669,-0.012469497738391094,-0.020166680848036477,0,0
2025-06-12,0.0033944645,0.00827285,0.006911488,3.262118,-0.013125704988556707,-0.02122795231717626,0,0
2025-06-13,-0.011680482,0.008449176,0.01210147,3.3369546,-0.013405464453746244,-0.021680401964071398,0,0
2025-06-16,0.018311888,0.008914562,0.008877364,3.2996764,-0.014143845102986994,-0.02287457090415298,0,0
2025-06-17,-0.008451393,0.0086664725,0.004821895,3.4039717,-0.013750226621955842,-0.022237979242693776,0,0
2025-06-18,-0.00070406497,0.008893233,0.006539834,3.5464728,-0.014110004100575323,-0.02281984049643875,0,0
2025-06-20,-0.0026965935,0.008783787,0.011737691,3.1083481,-0.013936357111971102,-0.022539004533926613,0,0
2025-06-23,0.009756175,0.008814034,0.008422691,3.1203902,-0.01398434747010649,-0.022616618424766793,0,0
2025-06-24,0.011330986,0.008712104,0.006116011,3.213995,-0.013822624777065813,-0.022355067398024547,0,0
2025-06-25,0.00012201818,0.008278744,0.003386668,3.333073,-0.013135056756249014,-0.021243076752688616,0,0
2025-06-26,0.0077783572,0.008065635,0.004438565,3.3210409,-0.012796938098285854,-0.020696243896468916,0,0
2025-06-27,0.0046301037,0.007938279,0.005777748,3.386838,-0.01259487386107235,-0.020369449259814012,0,0
2025-06-30,0.004808665,0.0078509925,0.0036955115,3.4595776,-0.012456385356617585,-0.020145474443100865,0,0
