var1,var2,n,mean_diff,std_diff,mae,rmse,corr_pearson,corr_spearman
sma_vol_20,sma_vol_10,5072,0.00047396831847040745,0.002673426729481267,0.001775129940375738,0.00271485677237083,0.9282696273057209,0.8895146670874953
sma_vol_20,ewma_vol,5072,-0.0004721269145411356,0.0016219680295991295,0.0010988603044447941,0.0016891315595625813,0.9722447646817122,0.9552812928125562
sma_vol_20,gk_vol_daily,5072,0.0005520079472191492,0.005186271790819011,0.0033252414152357525,0.00521505750149712,0.7285418213089219,0.6775465884582365
sma_vol_20,gk_vol_20,5072,-0.0001518747693126358,0.0017627526157504903,0.0012508297946426275,0.001769109971853176,0.9707525478416881,0.9378735160467777
sma_vol_20,gk_vol_10,5072,3.365811127480375e-06,0.0026844183792852565,0.0017377033420838558,0.0026841558453798414,0.9216799130220116,0.8867482903897334
sma_vol_20,gk_vol_5,5072,0.00014212089162052974,0.003657488616474748,0.0023051348664882634,0.0036598885040911933,0.8543984305972806,0.8174887395765437
sma_vol_20,rs_vol_daily,5072,0.0006673564909158577,0.005595057258789805,0.0035411909872515193,0.005634168825972301,0.6876251717639335,0.6436571018138635
sma_vol_20,rs_vol_20,5072,-0.00014213865897611834,0.002097349089047745,0.0014571824675989624,0.0021019536897798467,0.9563818441758593,0.9132919272473038
sma_vol_20,rs_vol_10,5072,2.4678544550550394e-05,0.002937538881433956,0.0018972376184430654,0.0029373529550740032,0.9054528304828645,0.8634750383390637
sma_vol_20,rs_vol_5,5072,0.00018312921479425053,0.003919742422916805,0.0024623835337876485,0.003923631954766216,0.8322335914635457,0.7933035660439457
sma_vol_20,yz_vol_20,5072,-0.00029082981466990135,0.0017971787605938357,0.001274362516993724,0.0018203836623790063,0.9683993130126861,0.9356100438147481
sma_vol_20,yz_vol_10,5072,-9.183329791377384e-05,0.002748381436340242,0.0017805343625257562,0.002749644449683449,0.9178151928448604,0.881435695675799
sma_vol_20,yz_vol_5,5072,0.00012564570244835853,0.003753519295701525,0.002369854174079157,0.0037552518110478927,0.8471284548962543,0.8075732605905608
sma_vol_20,garch_vol,5072,-0.000665420894084883,0.0026494590104699815,0.0017552592865687261,0.002731489340523451,0.9264860934098751,0.9001179862342903
sma_vol_20,sma_vol_20_predict,5072,2.212725621958272e-07,0.0008040203851739042,0.0003882763629427304,0.000803941151033037,0.9932492480769548,0.987842187818589
sma_vol_20,sma_vol_10_predict,5072,0.0004745077127977767,0.002532206020953885,0.001698093377890579,0.002576035848586107,0.9357051300431487,0.8977241294577746
sma_vol_20,sma_vol_5_predict,5072,0.0013306623652388826,0.004159037376934324,0.0029166570247185913,0.004366330704894185,0.8296761967691133,0.758472322819769
sma_vol_10,ewma_vol,5072,-0.0009460952330115432,0.00276956221009572,0.0019927130877973242,0.0029264413043701555,0.9218925770698833,0.8825678319048499
sma_vol_10,gk_vol_daily,5072,7.803962874874166e-05,0.004796296751778919,0.0030828009343031597,0.004796458811939096,0.7748095944546658,0.7036885765281131
sma_vol_10,gk_vol_20,5072,-0.0006258430877830434,0.003197520637902988,0.002265326140753926,0.0032578830550247196,0.8951560861315246,0.8295274840315026
sma_vol_10,gk_vol_10,5072,-0.0004706025073429272,0.0023212705310477985,0.0016866442536759764,0.0023682696714809495,0.9474354954504188,0.9014055489726298
sma_vol_10,gk_vol_5,5072,-0.00033184742684987784,0.003029402302930432,0.0020109288158575837,0.0030472268749485655,0.9058641508494898,0.8563118001235197
sma_vol_10,rs_vol_daily,5072,0.00019338817244545013,0.005303057454205018,0.003354798515766572,0.005306059998435445,0.7275972055668549,0.6573265245363921
sma_vol_10,rs_vol_20,5072,-0.0006161069774465258,0.0034012875752214436,0.0023921036320197885,0.0034563078668764617,0.880119584096974,0.8084915529333502
sma_vol_10,rs_vol_10,5072,-0.00044928977391985714,0.0027421620620639445,0.0019352372297358944,0.0027784584815362862,0.924323373543931,0.8660975893274881
sma_vol_10,rs_vol_5,5072,-0.00029083910367615695,0.0034288711145721885,0.0022582751437796975,0.0034408467639655102,0.8783244518358374,0.8195078020638347
sma_vol_10,yz_vol_20,5072,-0.0007647981331403089,0.003232501951492145,0.0023185057562398166,0.0033214341636118964,0.8922382434808419,0.8270453647173901
sma_vol_10,yz_vol_10,5072,-0.0005658016163841813,0.0023798011375453583,0.001712959781400492,0.002445908483954314,0.943951239611018,0.8992102166666146
sma_vol_10,yz_vol_5,5072,-0.00034832261602204894,0.003144024999427112,0.002078605155713275,0.003162953197184754,0.8984706058626915,0.8456908812504772
sma_vol_10,garch_vol,5072,-0.0011393892125552906,0.00234609395252585,0.001963358430097012,0.0026079262657028117,0.9448173358930845,0.8797951920833416
sma_vol_10,sma_vol_20_predict,5072,-0.0004737470459082117,0.0030175781474542133,0.001989659949510138,0.0030542460340141206,0.9084699682883389,0.8617153286003513
sma_vol_10,sma_vol_10_predict,5072,5.393943273691471e-07,0.001439077528748885,0.0007326704091407914,0.0014389357579550263,0.9797321653854749,0.9670054143749678
sma_vol_10,sma_vol_5_predict,5072,0.0008566940467684751,0.003106927861012188,0.002027977198669398,0.003222580057834307,0.9074516158774074,0.859623885088563
ewma_vol,gk_vol_daily,5072,0.0010241348617602846,0.004879572743583462,0.003282612016342819,0.004985417528049775,0.7514865541031333,0.701242333493483
ewma_vol,gk_vol_20,5072,0.0003202521452284998,0.0018634761347561739,0.0012497063581676387,0.0018906136812220694,0.9603327950900422,0.9418882741652125
ewma_vol,gk_vol_10,5072,0.0004754927256686159,0.002589212198393908,0.0016977220768290388,0.0026322597459233882,0.9214177659360049,0.9018337406961976
ewma_vol,gk_vol_5,5072,0.0006142478061616653,0.0033696162186490483,0.002185201008103658,0.0034248175428606615,0.869902199890684,0.8432652932573137
ewma_vol,rs_vol_daily,5072,0.0011394834054569934,0.005304370474578298,0.003510382130413434,0.005424870613759765,0.7097120756215327,0.6666869887239882
ewma_vol,rs_vol_20,5072,0.0003299882555650172,0.0021191679614633884,0.0014078543442802786,0.0021444998655271927,0.9481235279610016,0.9242943703892212
ewma_vol,rs_vol_10,5072,0.000496805459091686,0.002829297614930454,0.0018543136960623297,0.0028723095933328798,0.9056161589422851,0.8828069782900778
ewma_vol,rs_vol_5,5072,0.0006552561293353863,0.003639073773828783,0.0023527807739943916,0.0036972432369041038,0.8478302512291594,0.8208107268333689
ewma_vol,yz_vol_20,5072,0.00018129709987123422,0.0019121428746258027,0.001267225838654896,0.0019205306907114181,0.9577450485477353,0.9385702517651975
ewma_vol,yz_vol_10,5072,0.0003802936166273617,0.0026639228644445736,0.0017282290852998331,0.002690670755276805,0.9172472933363082,0.8976843491654599
ewma_vol,yz_vol_5,5072,0.0005977726169894941,0.00347410915741271,0.0022510608043906236,0.0035248243812829767,0.8623850802116162,0.8345978591684792
ewma_vol,garch_vol,5072,-0.00019329397954374747,0.002471364242478459,0.0014201336767329005,0.002478668915686701,0.9340265428870069,0.923616352201524
ewma_vol,sma_vol_20_predict,5072,0.00047234818710333135,0.001745749126833844,0.0011886181344233028,0.0018083561453164803,0.9677012732899885,0.9478263543056775
ewma_vol,sma_vol_10_predict,5072,0.0009466346273389122,0.0027618818888202512,0.0020003091157237032,0.0029193500550491066,0.9223464193267087,0.8820074370887105
ewma_vol,sma_vol_5_predict,5072,0.001802789279780018,0.004060035267679798,0.0031100959611935087,0.0044419236355993244,0.8336880041669318,0.7646134444059612
gk_vol_daily,gk_vol_20,5072,-0.000703882716531785,0.004902363893279812,0.0032212847540725453,0.004952159551084459,0.7374250864251798,0.6957851938643833
gk_vol_daily,gk_vol_10,5072,-0.0005486421360916689,0.004286904845878078,0.0027967674898059353,0.0043214509156642164,0.8048084424566675,0.7543672908553023
gk_vol_daily,gk_vol_5,5072,-0.0004098870555986195,0.0036095858564637487,0.0023639136777438225,0.0036324301263318997,0.8648878344557227,0.8206672991166962
gk_vol_daily,rs_vol_daily,5072,0.00011534854369670847,0.0014625987944896712,0.0007977915617224596,0.0014669965080237302,0.9793247494743232,0.9736108128455409
gk_vol_daily,rs_vol_20,5072,-0.0006941466061952676,0.0049464271327973605,0.0032499355167448624,0.004994412570839583,0.7310916131730767,0.6895638134127491
gk_vol_daily,rs_vol_10,5072,-0.0005273294026685989,0.0043786732006136,0.0028352812499569165,0.004409883805118725,0.7953590932164024,0.7472884760308428
gk_vol_daily,rs_vol_5,5072,-0.00036887873242489867,0.0037211316209857796,0.0024180840130496,0.003739005483891034,0.8560060905975806,0.8135296924617036
gk_vol_daily,yz_vol_20,5072,-0.0008428377618890505,0.004940230286051605,0.0032791075529424404,0.005011131497791735,0.7346633745376845,0.6918523294742089
gk_vol_daily,yz_vol_10,5072,-0.000643841245132923,0.0043472503242894455,0.002845591156194004,0.004394245199028189,0.8000202624143036,0.7495740736261558
gk_vol_daily,yz_vol_5,5072,-0.0004263622447707907,0.0036725084987861154,0.0024038653764079545,0.003696815422192384,0.8603387544511903,0.8162963488894619
gk_vol_daily,garch_vol,5072,-0.001217428841304032,0.004846510253158729,0.003370183920509058,0.004996615211554394,0.7624200619977747,0.6658920680928455
gk_vol_daily,sma_vol_20_predict,5072,-0.0005517866746569534,0.005463957684673248,0.003511332377754992,0.005491212608237822,0.6986415484502138,0.6408149683222115
gk_vol_daily,sma_vol_10_predict,5072,-7.750023442137253e-05,0.005202466444611648,0.003374324778061243,0.005202530836504836,0.7350638884883894,0.6499648786159476
gk_vol_daily,sma_vol_5_predict,5072,0.0007786544180197333,0.0054669393764338985,0.0035553538538306744,0.005521579141601373,0.7130348688308933,0.6232359546128695
gk_vol_20,gk_vol_10,5072,0.00015524058044011612,0.002172331278666712,0.0013459564404871805,0.002177657552350667,0.9403581619781319,0.9259327407964948
gk_vol_20,gk_vol_5,5072,0.0002939956609331655,0.0032668731405421196,0.002051429313466556,0.0032797544684594507,0.8702696539514689,0.8488841824784334
gk_vol_20,rs_vol_daily,5072,0.0008192312602284933,0.005215794583644118,0.003389012475946943,0.005279231888321179,0.7060655731845168,0.6722664537743913
gk_vol_20,rs_vol_20,5072,9.736110336517446e-06,0.00041286835776713107,0.0002674619282377473,0.0004129424470677203,0.9977690483964956,0.9962702366840859
gk_vol_20,rs_vol_10,5072,0.00017655331386318618,0.002262030769265523,0.0014029891575833633,0.0022686880447175995,0.934479940695393,0.9200297157702537
gk_vol_20,rs_vol_5,5072,0.0003350039841068863,0.0033987872629575133,0.0021256041687705836,0.0034149238606473037,0.858731625647516,0.8397061892565758
gk_vol_20,yz_vol_20,5072,-0.00013895504535726562,0.0003171241111261082,0.00021835115127069588,0.0003462027996288248,0.9987437764801095,0.9970948902065129
gk_vol_20,yz_vol_10,5072,6.0041471398861965e-05,0.002242263385943617,0.0013945324435040713,0.0022428461372924874,0.9374492148169331,0.9211134886751597
gk_vol_20,yz_vol_5,5072,0.0002775204717609943,0.0033445381743264285,0.0021029063587583623,0.003355703768634842,0.8649833736239695,0.8414897668051906
gk_vol_20,garch_vol,5072,-0.0005135461247722473,0.0029637204692260434,0.0017729115470386738,0.0030075965241286094,0.9031657575766762,0.8803773171933738
gk_vol_20,sma_vol_20_predict,5072,0.00015209604187483162,0.0017725538496973937,0.0012532434681199697,0.001778893163446221,0.9703463932599202,0.9377133793687531
gk_vol_20,sma_vol_10_predict,5072,0.0006263824821104124,0.0030333214182514234,0.002179547322208166,0.003097027567745487,0.9068452093807502,0.8424715418989797
gk_vol_20,sma_vol_5_predict,5072,0.0014825371345515183,0.004407918927228198,0.003263228734858853,0.004650143528732518,0.7972441421037112,0.7122803312504263
gk_vol_10,gk_vol_5,5072,0.00013875508049304933,0.002073061470888895,0.0012603983359348583,0.002077495973285254,0.9493036065246461,0.9332811508741338
gk_vol_10,rs_vol_daily,5072,0.0006639906797883773,0.004663680577935641,0.002991368809169069,0.004710256035833403,0.7714879950733914,0.7254111148523502
gk_vol_10,rs_vol_20,5072,-0.0001455044701035987,0.0022482596383294885,0.00136877627667189,0.002252741966733736,0.9358327337683237,0.9200392861098766
gk_vol_10,rs_vol_10,5072,2.1312733423070054e-05,0.0005277566895348727,0.00033687289487103756,0.0005281348703703565,0.9965751173873161,0.9948079506851432
gk_vol_10,rs_vol_5,5072,0.00017976340366677022,0.00226596514928057,0.0013815612026075196,0.0022728617637603056,0.9390532623778435,0.9219501356559683
gk_vol_10,yz_vol_20,5072,-0.00029419562579738177,0.002214802092906053,0.0013713016161930355,0.002234039443289576,0.9383083526291802,0.9219813052937984
gk_vol_10,yz_vol_10,5072,-9.519910904125417e-05,0.0003980566737907998,0.00025269972451812085,0.0004092441153444569,0.9981148805070533,0.9958775725286737
gk_vol_10,yz_vol_5,5072,0.00012227989132087817,0.002167778793860002,0.001335924019971322,0.0021710114600600994,0.944976764541927,0.9248746391366228
gk_vol_10,garch_vol,5072,-0.0006687867052123633,0.002624748344279665,0.0017871554529127686,0.00270836135451518,0.9248120090204314,0.879779699791208
gk_vol_10,sma_vol_20_predict,5072,-3.14453856528449e-06,0.0028973743277498193,0.001867247338490211,0.0028970903957905862,0.9082060533605385,0.8723057333080992
gk_vol_10,sma_vol_10_predict,5072,0.0004711419016702964,0.0023847516138174553,0.0017153130481397164,0.0024306159073851333,0.944162786378942,0.8969087040153949
gk_vol_10,sma_vol_5_predict,5072,0.001327296554111402,0.00368248184273387,0.0027795466779024533,0.003914040754827203,0.862823141695838,0.7867732372424001
gk_vol_5,rs_vol_daily,5072,0.0005252355992953281,0.004029786297163842,0.0025658621933421217,0.004063477366120929,0.833450828317268,0.7902165723968841
gk_vol_5,rs_vol_20,5072,-0.000284259550596648,0.00332173671101749,0.002081388574350675,0.0033335510809195585,0.8651026637149254,0.8426417481993232
gk_vol_5,rs_vol_10,5072,-0.00011744234706997927,0.002182150574077883,0.001311839565929701,0.00218509381854889,0.9436099749234543,0.9273308092279635
gk_vol_5,rs_vol_5,5072,4.100832317372089e-05,0.0007123669086275994,0.00044282674655232734,0.0007134761681455126,0.9941311919811834,0.9920771451395627
gk_vol_5,yz_vol_20,5072,-0.0004329507062904311,0.0033071995658593874,0.002089279045047818,0.003335095024394232,0.8677843754667346,0.8444465544093139
gk_vol_5,yz_vol_10,5072,-0.0002339541895343035,0.0021366530154332047,0.0012960847899742163,0.002149213943589354,0.9463704616276843,0.9288246586778658
gk_vol_5,yz_vol_5,5072,-1.6475189172171147e-05,0.0005181915058231402,0.0003248716910150491,0.0005184022824455064,0.9969300380861997,0.9937572599225116
gk_vol_5,garch_vol,5072,-0.0008075417857054127,0.003029576272678222,0.0021209268172176204,0.0031350672272718,0.9000597059018858,0.8358738532552079
gk_vol_5,sma_vol_20_predict,5072,-0.00014189961905833383,0.0039006576079480926,0.002457881880533664,0.0039028535006974925,0.8342263378868181,0.7958440097079452
gk_vol_5,sma_vol_10_predict,5072,0.000332386821177247,0.003329712498332763,0.002198646930815817,0.003345934906812566,0.8855765203990609,0.8313414828436069
gk_vol_5,sma_vol_5_predict,5072,0.001188541473618353,0.003602889909783916,0.0025949981098865684,0.0037935322889681724,0.8697193277222762,0.8070912857239431
rs_vol_daily,rs_vol_20,5072,-0.000809495149891976,0.005230497457147048,0.003404135129413386,0.0052922577506240185,0.7027295852597971,0.6687961703611497
rs_vol_daily,rs_vol_10,5072,-0.0006426779463653073,0.004700883579049642,0.0030050756246499774,0.004744152658263573,0.766833543059911,0.7238551986322298
rs_vol_daily,rs_vol_5,5072,-0.0004842272761216071,0.004026458969132851,0.002561487266586338,0.004055077242112711,0.8335037705164494,0.7932308758475702
rs_vol_daily,yz_vol_20,5072,-0.0009581863055857589,0.005246561245504855,0.003447202688694351,0.005332832152687848,0.704174477273889,0.6687745129382582
rs_vol_daily,yz_vol_10,5072,-0.0007591897888296315,0.004704590500015462,0.0030374906163465735,0.0047649949750867985,0.7684718128592617,0.7222793606364345
rs_vol_daily,yz_vol_5,5072,-0.0005417107884674991,0.004043639478846176,0.002582000043544365,0.004079368459900795,0.8326878654452077,0.7898838160291545
rs_vol_daily,garch_vol,5072,-0.0013327773850007408,0.00515722459653354,0.003528984692875008,0.005326163461239402,0.7340946138071408,0.6454781502566916
rs_vol_daily,sma_vol_20_predict,5072,-0.0006671352183536619,0.00575916131906312,0.003661085707324834,0.005797108682644409,0.6689829138317687,0.6195900936490267
rs_vol_daily,sma_vol_10_predict,5072,-0.00019284877811808098,0.005505138931768881,0.003513466298759456,0.005507973315314215,0.7064468719844257,0.6240216801397109
rs_vol_daily,sma_vol_5_predict,5072,0.0006633058743230249,0.005672044696521877,0.003631630079673465,0.005710142086180266,0.6941265830305403,0.6016504244597568
rs_vol_20,rs_vol_10,5072,0.00016681720352666876,0.002268196660987223,0.0013867634835543175,0.002274099763760801,0.9337836133144166,0.9198549137837536
rs_vol_20,rs_vol_5,5072,0.00032526787377036895,0.0034066161997810163,0.0021312217065197194,0.003421775133403255,0.8572627571430897,0.8380601230307461
rs_vol_20,yz_vol_20,5072,-0.00014869115569378304,0.00037200374927251966,0.00026237760018355037,0.00040058527780326353,0.9984227317104275,0.9963320216599489
rs_vol_20,yz_vol_10,5072,5.0305361062344506e-05,0.002288753855013516,0.0014051743817127477,0.0022890810452584807,0.9346404949959604,0.9179303663097027
rs_vol_20,yz_vol_5,5072,0.0002677843614244769,0.0033775315812415553,0.0021203100873525256,0.0033877985315597693,0.8615750682050513,0.8378697828078505
rs_vol_20,garch_vol,5072,-0.0005232822351087647,0.0031684209521266192,0.0018955690358275223,0.0032110335331126025,0.8883803304545089,0.8652592058319107
rs_vol_20,sma_vol_20_predict,5072,0.00014235993153831418,0.0020842123477877897,0.001445816842204906,0.002088863567950856,0.9570399442112275,0.9146483538950666
rs_vol_20,sma_vol_10_predict,5072,0.000616646371773895,0.0032391837162000217,0.0023085394969778223,0.003297043406111582,0.8925596920654831,0.821627979364161
rs_vol_20,sma_vol_5_predict,5072,0.001472801024215001,0.004549007774476917,0.003350973378490723,0.004781059991886252,0.7824702577884785,0.6953940271713344
rs_vol_10,rs_vol_5,5072,0.00015845067024370017,0.0022549160369845097,0.001350276020939468,0.002260254511197412,0.9394342955639289,0.924443722409153
rs_vol_10,yz_vol_20,5072,-0.0003155083592204518,0.0022776085701069113,0.0014187792629050285,0.002299135392081757,0.9340411294820465,0.918037938361787
rs_vol_10,yz_vol_10,5072,-0.00011651184246432424,0.00045174067267486433,0.0002974900238617922,0.0004664808787438278,0.997644288640197,0.9947214560966804
rs_vol_10,yz_vol_5,5072,0.00010096715789780813,0.0022160809137798908,0.0013449260266736468,0.0022181615638663258,0.9423323751482814,0.9230992670092151
rs_vol_10,garch_vol,5072,-0.0006900994386354334,0.0029325818120346367,0.001949121622568548,0.003012403978348636,0.9052448700895409,0.8612457093530709
rs_vol_10,sma_vol_20_predict,5072,-2.445727198835459e-05,0.003114522511133771,0.002004742014242842,0.0031143115002454295,0.8932175617510735,0.8516810996492394
rs_vol_10,sma_vol_10_predict,5072,0.00044982916824722627,0.0027501416062028256,0.0019312637197297755,0.0027864195577899705,0.9238458281601502,0.865172079341338
rs_vol_10,sma_vol_5_predict,5072,0.001305983820688332,0.003938593249422598,0.0029290178219104086,0.004149102561131245,0.8415637560745602,0.7590954336551832
rs_vol_5,yz_vol_20,5072,-0.00047395902946415196,0.0034233480959371815,0.002161025149562998,0.003455667628349883,0.8576011839366516,0.8366358767865838
rs_vol_5,yz_vol_10,5072,-0.00027496251270802443,0.002280004959239423,0.00138585256314925,0.002296301825099833,0.9386505683730851,0.9206297623611611
rs_vol_5,yz_vol_5,5072,-5.748351234589204e-05,0.0005650703547424428,0.0003471949480831397,0.0005679312508059143,0.9963556789195231,0.9931700480344267
rs_vol_5,garch_vol,5072,-0.0008485501088791337,0.003411973293793679,0.002313486139194565,0.003515580149028208,0.8727031030158625,0.8110089430870931
rs_vol_5,sma_vol_20_predict,5072,-0.00018290794223205475,0.004123274847621366,0.0025884399683650606,0.004126923645309048,0.8142133662679183,0.7754856415947925
rs_vol_5,sma_vol_10_predict,5072,0.00029137849800352607,0.003651652390288909,0.0023978466982963963,0.0036629001561539454,0.8615189957063001,0.7998354896050354
rs_vol_5,sma_vol_5_predict,5072,0.0011475331504446319,0.004024346716285104,0.002832103648179719,0.004184376385016202,0.8359927944826333,0.7641671769217833
yz_vol_20,yz_vol_10,5072,0.00019899651675612756,0.002243355847991452,0.0013878991958302589,0.002251944234117321,0.9376223196706693,0.9216131184361881
yz_vol_20,yz_vol_5,5072,0.00041647551711825997,0.0033604616643040514,0.0021265328735857445,0.0033858422843359606,0.8644511760254203,0.8406081561505311
yz_vol_20,garch_vol,5072,-0.0003745910794149816,0.003031891491881918,0.0017959048021034345,0.0030546476262115025,0.8982737358455338,0.8779529796555657
yz_vol_20,sma_vol_20_predict,5072,0.0002910510872320972,0.0018103935163665428,0.0012794495288209597,0.001833463721980702,0.9678459172064188,0.9349288776511425
yz_vol_20,sma_vol_10_predict,5072,0.000765337527467678,0.0030696079507960146,0.002234888232544333,0.003163285753058594,0.9038312699798908,0.8395465506123635
yz_vol_20,sma_vol_5_predict,5072,0.0016214921799087838,0.004447092406547205,0.003337283977050532,0.004733071791539193,0.7939693609201682,0.709369145174118
yz_vol_10,yz_vol_5,5072,0.00021747900036213233,0.0021636232070071323,0.0013137070423175367,0.0021743135779093087,0.9454090423514693,0.9268453795480208
yz_vol_10,garch_vol,5072,-0.0005735875961711092,0.002724325418566965,0.0018166272904314705,0.0027837902935949786,0.9188466666344979,0.8765273494553142
yz_vol_10,sma_vol_20_predict,5072,9.20545704759696e-05,0.0029594669651505094,0.001912212470336251,0.002960606684290557,0.9042889699840225,0.8667546845142637
yz_vol_10,sma_vol_10_predict,5072,0.0005663410107115505,0.002447008805481649,0.0017461711383124543,0.0025114564826631356,0.9404308575809752,0.8936658926114867
yz_vol_10,sma_vol_5_predict,5072,0.0014224956631526562,0.003736362633859239,0.0028273616241293836,0.003997642705077919,0.8587176057276267,0.7827372141834106
yz_vol_5,garch_vol,5072,-0.0007910665965332416,0.0031718598154202604,0.0021846878959434764,0.003268714957498939,0.8906805254844087,0.8269448950590225
yz_vol_5,sma_vol_20_predict,5072,-0.0001254244298861627,0.003989983552321803,0.002518724143515484,0.003991561253483485,0.8271332940793216,0.7862347735425826
yz_vol_5,sma_vol_10_predict,5072,0.0003488620103494181,0.0034345475257046565,0.0022653019729915584,0.0034518829174524372,0.8782697505452034,0.8204742600235494
yz_vol_5,sma_vol_5_predict,5072,0.001205016662790524,0.0037075041103551056,0.0026414177826871135,0.0038980689826992846,0.8619676945221529,0.7970477984333952
garch_vol,sma_vol_20_predict,5072,0.0006656421666470789,0.0027673909072113176,0.001779434649851557,0.0028460537556568018,0.9197968939523055,0.8996509605583808
garch_vol,sma_vol_10_predict,5072,0.0011399286068826597,0.0022686716045855096,0.0018955214075482005,0.002538758223352358,0.9484429170764855,0.8920542244265999
garch_vol,sma_vol_5_predict,5072,0.0019960832593237656,0.0029778067119068624,0.002721307470222558,0.003584680306590852,0.9132212357423821,0.8162536033532619
sma_vol_20_predict,sma_vol_10_predict,5072,0.00047428644023558077,0.0026734218193143924,0.0017753006310575572,0.002714907494966092,0.928274175490439,0.8895142126460546
sma_vol_20_predict,sma_vol_5_predict,5072,0.0013304410926766868,0.00426272853094956,0.0029826007689142207,0.00446512546832956,0.8210134206223189,0.7484031592254042
sma_vol_10_predict,sma_vol_5_predict,5072,0.0008561546524411058,0.0031112685796231385,0.002059155951273146,0.003226621212296144,0.9071949456131846,0.8545331683232715
